protocol,fold,basis,r,R1,rmse_p,rmse_so,relerr,r_energy,seconds,storage_floats,train_rel_error,R2
P1,P1-run1,prior,0,0,0.19334935125885155,0.0013192516446759335,0.008150410809680977,7,,,,
P1,P1-run1,POD,2,0,0.22521630249164806,0.005979698674205309,0.01519718370553016,7,0.05580066700349562,19800.0,,
P1,P1-run1,TBMD,2,48,0.3356646751684579,0.007166646253213476,0.019838386900141485,7,0.902609915996436,18408.0,0.036064090767525675,
P1,P1-run1,POD,5,0,0.06656316940762574,0.0009724953825329317,0.0033123287528193206,7,0.09291541698621586,49500.0,,
P1,P1-run1,TBMD,5,48,0.2573911097251272,0.004352020632019095,0.013557196380061724,7,0.7909355419978965,32550.0,0.01412865377479135,
P1,P1-run1,POD,7,0,0.018385948514917535,0.0006620815078825038,0.0015436180812415674,7,0.04239137499826029,69300.0,,
P1,P1-run1,TBMD,7,48,0.2507580944503666,0.004311691363437995,0.013305021326798474,7,0.8378958750108723,41978.0,0.013895605548107723,
P1,P1-run1,POD,10,0,0.012516733798187765,0.00030981896893639846,0.0008071981790384117,7,0.042036207974888384,99000.0,,
P1,P1-run1,TBMD,10,48,0.25046043488853065,0.004272269067029833,0.013242344848630842,7,0.9165980830148328,56120.0,0.013873435268453036,
P1,P1-run1,POD,16,0,0.0035612377613233204,8.976878072356496e-05,0.0002328687473474257,7,0.04179329198086634,158400.0,,
P1,P1-run1,TBMD,16,48,0.25018962586679677,0.004265450177237688,0.013224992580024408,7,0.853613499988569,84404.0,0.0138703615952605,
P1,P1-run1,POD,20,0,0.0018342449397235315,5.036350747748601e-05,0.00012676621381130332,7,0.06427879200782627,198000.0,,
P1,P1-run1,TBMD,20,48,0.2501706302779093,0.00426494517631764,0.013223737808639077,7,0.9541227919980884,103260.0,0.013870332280894668,
P1,P1-run1,POD,30,0,0.001153878557237739,2.8385699656110094e-05,7.430370418106195e-05,7,0.053417415998410434,297000.0,,
P1,P1-run1,TBMD,30,48,0.25016751462672737,0.004264812467006991,0.013223463820695128,7,0.9461575830064248,150400.0,0.01387032821895667,
P1,P1-run1,POD,50,0,0.0009151753841627196,2.0143512388261323e-05,5.522639687837913e-05,7,0.04905029101064429,495000.0,,
P1,P1-run1,TBMD,50,48,0.25016192437459633,0.004264767212072103,0.013223235559638558,7,1.0456853329960722,244680.0,0.013870328148878949,
P1,P1-run1,TBMD-R1sweep,7,12,1.8388958804511693,0.01875096148369278,0.08244559424398219,7,0.8380657500238158,5006.0,0.10660749734528,12.0
P1,P1-run1,TBMD-R1sweep,7,24,1.0616562105989982,0.012033855291504173,0.04880205548442956,7,4.140619333018549,13298.0,0.06199927414165855,24.0
P1,P1-run1,TBMD-R1sweep,7,48,0.2507580944503666,0.004311691363437995,0.013305021326798474,7,0.8597927910159342,41978.0,0.013895605548107723,48.0
P1,P1-run1,TBMD-R1sweep,7,96,0.018598167020242907,0.0006776579290581196,0.0015755390979791566,7,1.15443958400283,80906.0,0.0009672634980808743,48.0
P1,P1-run1,TBMD-R1sweep,7,139,0.018385948514917035,0.0006620815078824976,0.0015436180812415472,7,1.5155043749837205,115779.0,0.0009261441486877375,48.0
P1,P1-run2,prior,0,0,0.20719142478399438,0.0013524671283455052,0.008072062284329827,8,,,,
P1,P1-run2,POD,2,0,0.11696447240556863,0.005497060433574689,0.011790165714106701,8,0.047155915992334485,19800.0,,
P1,P1-run2,TBMD,2,48,0.30735493497367516,0.006957192363171678,0.01787065447899418,8,0.8407926250074524,18408.0,0.029171518836414875,
P1,P1-run2,POD,5,0,0.03544826704900629,0.0007918768960740343,0.002047608250262865,8,0.0745074579899665,49500.0,,
P1,P1-run2,TBMD,5,48,0.30410440557968627,0.004689395030672754,0.014540352657861398,8,0.8243269170052372,32550.0,0.014829851137448615,
P1,P1-run2,POD,8,0,0.014815671806018029,0.0006886434634479974,0.0014776572046576609,8,0.05258791701635346,79200.0,,
P1,P1-run2,TBMD,8,48,0.30299591981068796,0.004676507939965091,0.014492679955762977,8,0.8820795840001665,46692.0,0.014710967514389151,
P1,P1-run2,POD,10,0,0.014891424085449743,0.00040950870710184376,0.0009829359080200635,8,0.04195874999277294,99000.0,,
P1,P1-run2,TBMD,10,48,0.3030231733596047,0.0046498313211377745,0.014459099445686411,8,0.9253455830039456,56120.0,0.014700297794353839,
P1,P1-run2,POD,16,0,0.0030793156122721536,0.00010715305078730728,0.00024204118663631726,8,0.04146224999567494,158400.0,,
P1,P1-run2,TBMD,16,48,0.3027228053046115,0.004631430814469945,0.014427028290010692,8,0.9000069590110797,84404.0,0.014694362687679912,
P1,P1-run2,POD,20,0,0.002348728758060033,5.640513571016106e-05,0.0001419928086725284,8,0.049241375003475696,198000.0,,
P1,P1-run2,TBMD,20,48,0.3027158779330659,0.004630820001854956,0.014426047776727612,8,0.9760260410257615,103260.0,0.01469431308635813,
P1,P1-run2,POD,30,0,0.001054915109367472,2.9177155249411216e-05,7.012051593056064e-05,8,0.04421612498117611,297000.0,,
P1,P1-run2,TBMD,30,48,0.30270725629749284,0.00463064141358935,0.014425575212270466,8,0.9881636670033913,150400.0,0.014694310990282277,
P1,P1-run2,POD,50,0,0.0008665867588947174,2.2936741650663638e-05,5.590221237818134e-05,8,0.047454999992623925,495000.0,,
P1,P1-run2,TBMD,50,48,0.30270247117902377,0.004630613314185162,0.01442540432952896,8,1.053521499998169,244680.0,0.014694310939068835,
P1,P1-run2,TBMD-R1sweep,8,12,2.0275599708159446,0.01916426515735719,0.08350733752887755,8,0.9451217089954298,5400.0,0.10784324990647656,12.0
P1,P1-run2,TBMD-R1sweep,8,24,1.1681538003568726,0.012257646963535514,0.049268006731607424,8,4.038459959003376,14556.0,0.06255534684640507,24.0
P1,P1-run2,TBMD-R1sweep,8,48,0.30299591981068796,0.004676507939965091,0.014492679955762977,8,0.8608182090101764,46692.0,0.014710967514389151,48.0
P1,P1-run2,TBMD-R1sweep,8,96,0.015150656894699542,0.0007038364269268913,0.001510308851433856,8,1.1734329590108246,90228.0,0.0008089055653289718,48.0
P1,P1-run2,TBMD-R1sweep,8,139,0.014815671806015694,0.0006886434634480053,0.0014776572046576438,8,1.7030008750152774,129229.0,0.0007619693447438438,48.0
P1,P1-run3,prior,0,0,0.1631646152658308,0.0013106934030138939,0.00679418721235346,7,,,,
P1,P1-run3,POD,2,0,0.1833136997621494,0.005750242106223537,0.01339773328983934,7,0.05024487499031238,19800.0,,
P1,P1-run3,TBMD,2,48,0.32805192960715246,0.0071640461370923066,0.01897012307974231,7,0.8707337919913698,18408.0,0.03210690824530729,
P1,P1-run3,POD,5,0,0.0512738763387351,0.0008745534971778876,0.0026253326414425746,7,0.08588433300610632,49500.0,,
P1,P1-run3,TBMD,5,48,0.27639246813750773,0.004575605130065553,0.01394976710693964,7,0.8719279590004589,32550.0,0.01434866017247511,
P1,P1-run3,POD,7,0,0.01173099039500964,0.0006614467875698417,0.0013854944790598499,7,0.06877687497762963,69300.0,,
P1,P1-run3,TBMD,7,48,0.2723828913509976,0.0045465170682387245,0.013795316112016854,7,0.8440399579994846,41978.0,0.01419040932428233,
P1,P1-run3,POD,10,0,0.012174795228753487,0.000283422099188577,0.0007310284996369474,7,0.06181804201332852,99000.0,,
P1,P1-run3,TBMD,10,48,0.27236658399594244,0.004506920937687465,0.013743646261099514,7,0.8776214999961667,56120.0,0.014175773397595277,
P1,P1-run3,POD,16,0,0.00274864315925672,6.26277839454521e-05,0.00016318421151079434,7,0.05044595801155083,158400.0,,
P1,P1-run3,TBMD,16,48,0.272218528587111,0.0045030965647524365,0.013734385007760619,7,0.8807094579969998,84404.0,0.014173356499599795,
P1,P1-run3,POD,20,0,0.0020822027807899223,4.166369522972676e-05,0.00011520678278961978,7,0.05750241698115133,198000.0,,
P1,P1-run3,TBMD,20,48,0.2722133109200995,0.004502939294492826,0.013734029227402958,7,0.9185972919804044,103260.0,0.01417335017672876,
P1,P1-run3,POD,30,0,0.0011617666299754855,2.4887872214480065e-05,6.66489728344362e-05,7,0.05554791699978523,297000.0,,
P1,P1-run3,TBMD,30,48,0.2722063418305597,0.004502823685412987,0.013733676096554943,7,0.9654033330152743,150400.0,0.014173349650647038,
P1,P1-run3,POD,50,0,0.0008423438375335631,1.8331658067535957e-05,4.881345133005959e-05,7,0.053987666993634775,495000.0,,
P1,P1-run3,TBMD,50,48,0.27220217773626837,0.004502815871358833,0.013733544149043389,7,1.0680832080252003,244680.0,0.014173349627061264,
P1,P1-run3,TBMD-R1sweep,7,12,1.9393235616889468,0.019175846999824823,0.08357792245413445,7,0.8825923750118818,5006.0,0.10774746490613876,12.0
P1,P1-run3,TBMD-R1sweep,7,24,1.121729160659665,0.012129650037848317,0.0493086758549435,7,3.9871410420164466,13298.0,0.06252054933861524,24.0
P1,P1-run3,TBMD-R1sweep,7,48,0.2723828913509976,0.0045465170682387245,0.013795316112016854,7,0.8710544579953421,41978.0,0.01419040932428233,48.0
P1,P1-run3,TBMD-R1sweep,7,96,0.012033170333382885,0.0006745583035383024,0.0014137903616315906,7,1.1731884999899194,80906.0,0.0008226854587500748,48.0
P1,P1-run3,TBMD-R1sweep,7,139,0.011730990395012873,0.0006614467875698304,0.0013854944790598692,7,1.5773615830112249,115779.0,0.0007836483422071502,48.0
P1,P1-run4,prior,0,0,0.20287903732806398,0.0013456514014172996,0.00819868707752902,8,,,,
P1,P1-run4,POD,2,0,0.23068054832271379,0.005746160712694661,0.014519557609537692,8,0.04647062500589527,19800.0,,
P1,P1-run4,TBMD,2,48,0.3559253804251003,0.00707250199953806,0.019643705042925466,8,0.954147209005896,18408.0,0.03047553916714537,
P1,P1-run4,POD,5,0,0.033908921485050904,0.0008109879521809554,0.0020835092511314627,8,0.07195949999731965,49500.0,,
P1,P1-run4,TBMD,5,48,0.278989755712213,0.004412576208246839,0.013835338271938329,8,0.7762435830081813,32550.0,0.013677243431633887,
P1,P1-run4,POD,8,0,0.014771500902551435,0.0007106723231980731,0.0015381572403428039,8,0.051271500007715076,79200.0,,
P1,P1-run4,TBMD,8,48,0.2776382950414757,0.004399905411664811,0.013779490954515826,8,0.8527491249842569,46692.0,0.013539886464592137,
P1,P1-run4,POD,10,0,0.013790199384599456,0.00039260477905862643,0.0009491428162220895,8,0.05760270799510181,99000.0,,
P1,P1-run4,TBMD,10,48,0.2776814088320268,0.004363588624971021,0.013733825121886077,8,0.9033430000126828,56120.0,0.01352678091035297,
P1,P1-run4,POD,16,0,0.004046681220312734,0.0001066927216520009,0.0002646681151796937,8,0.057036915997741744,158400.0,,
P1,P1-run4,TBMD,16,48,0.2773652774578884,0.004347933743547626,0.013704387289604766,8,0.8133881670073606,84404.0,0.013522209648663812,
P1,P1-run4,POD,20,0,0.0023718908400916375,4.847789409474285e-05,0.0001334106794974053,8,0.06192429200746119,198000.0,,
P1,P1-run4,TBMD,20,48,0.27735374980635513,0.004346986420817283,0.013702828467895941,8,0.9573516249947716,103260.0,0.013522169340701412,
P1,P1-run4,POD,30,0,0.0012168653291655558,3.1395581366302064e-05,7.861753192789374e-05,8,0.0529363329987973,297000.0,,
P1,P1-run4,TBMD,30,48,0.2773447752704574,0.004346910401570871,0.01370246697367059,8,0.9935063750017434,150400.0,0.013522166363237574,
P1,P1-run4,POD,50,0,0.0008655260738784769,2.229543802939031e-05,5.596172243801491e-05,8,0.052626541000790894,495000.0,,
P1,P1-run4,TBMD,50,48,0.2773388529171771,0.004346851337849749,0.013702217192626712,8,1.0458364590012934,244680.0,0.013522166292431177,
P1,P1-run4,TBMD-R1sweep,8,12,1.9458410112401454,0.01909195418819573,0.08340182634741265,8,0.885085291985888,5400.0,0.10749024966984429,12.0
P1,P1-run4,TBMD-R1sweep,8,24,1.1221932977951008,0.012206278999658688,0.049251723050016634,8,4.044775291986298,14556.0,0.06219648896278042,24.0
P1,P1-run4,TBMD-R1sweep,8,48,0.2776382950414757,0.004399905411664811,0.013779490954515826,8,0.8664391250058543,46692.0,0.013539886464592137,48.0
P1,P1-run4,TBMD-R1sweep,8,96,0.015223188637247555,0.0007222217110836458,0.0015660677341590963,8,1.2028954169945791,90228.0,0.0007972086846820665,48.0
P1,P1-run4,TBMD-R1sweep,8,139,0.014771500902553778,0.0007106723231980568,0.0015381572403428078,8,1.6452865409955848,129229.0,0.0007589368571063675,48.0
P1,P1-run5,prior,0,0,0.24415338163264338,0.0014327380836283684,0.009148383481523798,8,,,,
P1,P1-run5,POD,2,0,0.12204123039979428,0.005672867256109173,0.012496818318167267,8,0.0455980830010958,19800.0,,
P1,P1-run5,TBMD,2,48,0.3087069865633035,0.0069381726964933815,0.018021144425439287,8,0.8945182920142543,18408.0,0.02655373884629777,
P1,P1-run5,POD,5,0,0.026229796506546596,0.0008594811378017054,0.0020055875537672817,8,0.08667354099452496,49500.0,,
P1,P1-run5,TBMD,5,48,0.28777001589469803,0.004328470189934661,0.013542673254434527,8,0.8276234169898089,32550.0,0.014214096200264053,
P1,P1-run5,POD,8,0,0.017067003287311425,0.0007483476794536302,0.001661109555392301,8,0.0466684169950895,79200.0,,
P1,P1-run5,TBMD,8,48,0.2874066796285018,0.004314865954938358,0.013514359098240529,8,0.9013754999905359,46692.0,0.013966420824958149,
P1,P1-run5,POD,10,0,0.015929397944199845,0.00028707000943323805,0.0008193412708668739,8,0.04709958299645223,99000.0,,
P1,P1-run5,TBMD,10,48,0.2873509813059345,0.004262900972036281,0.01344192587923467,8,0.914866000006441,56120.0,0.013954233863933683,
P1,P1-run5,POD,16,0,0.00450299407601522,0.00010695328837773847,0.00027313882815520145,8,0.05498929202440195,158400.0,,
P1,P1-run5,TBMD,16,48,0.2869744186205485,0.004255952044667598,0.013422403458073202,8,0.9289942080213223,84404.0,0.013949394586238069,
P1,P1-run5,POD,20,0,0.002438949750674399,5.677057258323049e-05,0.00014607795062791945,8,0.05707008301396854,198000.0,,
P1,P1-run5,TBMD,20,48,0.2869573604627102,0.0042551949198590885,0.013420915413047307,8,0.9169105000037234,103260.0,0.013949362739387138,
P1,P1-run5,POD,30,0,0.0016841409353548914,3.308865368990668e-05,9.104527202022063e-05,8,0.06186158300261013,297000.0,,
P1,P1-run5,TBMD,30,48,0.2869476723944987,0.004254973211977196,0.013420354442324846,8,0.9137735000113025,150400.0,0.013949359858614894,
P1,P1-run5,POD,50,0,0.0010695658797106608,2.629302509055797e-05,6.648504232892263e-05,8,0.05689062501187436,495000.0,,
P1,P1-run5,TBMD,50,48,0.2869336947692341,0.004254962532503389,0.013419965934600986,8,1.0845202500058804,244680.0,0.013949359771310392,
P1,P1-run5,TBMD-R1sweep,8,12,2.0780493492361733,0.01870537421233834,0.08299808930906678,8,0.9327166249859147,5400.0,0.1070000011113282,12.0
P1,P1-run5,TBMD-R1sweep,8,24,1.1974162630149523,0.011933877552432469,0.04898139690803067,8,4.050812250003219,14556.0,0.061832488959156315,24.0
P1,P1-run5,TBMD-R1sweep,8,48,0.2874066796285018,0.004314865954938358,0.013514359098240529,8,0.8730729170201812,46692.0,0.013966420824958149,48.0
P1,P1-run5,TBMD-R1sweep,8,96,0.017405358323645086,0.0007635707312006011,0.0016947332276444206,8,1.1208143330004532,90228.0,0.000806880395929673,48.0
P1,P1-run5,TBMD-R1sweep,8,139,0.017067003287312064,0.0007483476794535554,0.0016611095553921641,8,1.5587245000060648,129229.0,0.0007618488511588822,48.0
P1,P1-run6,prior,0,0,0.1596537397099235,0.001290293965017158,0.0065206153586587256,7,,,,
P1,P1-run6,POD,2,0,0.2332777766640921,0.0061097163148484115,0.014851886951950067,7,0.04861475000507198,19800.0,,
P1,P1-run6,TBMD,2,48,0.3535340642538945,0.007366964556062672,0.019618428898517944,7,0.8563713750045281,18408.0,0.03379456080436937,
P1,P1-run6,POD,5,0,0.05646028958133904,0.0007651045348933481,0.002601414664383302,7,0.11427300001378171,49500.0,,
P1,P1-run6,TBMD,5,48,0.26865201590851157,0.004438502341146317,0.013319848789168202,7,0.7902047090174165,32550.0,0.013973072003052145,
P1,P1-run6,POD,7,0,0.007119000052473762,0.0006054682855169857,0.0012165264242761306,7,0.05510929101728834,69300.0,,
P1,P1-run6,TBMD,7,48,0.26444883798794666,0.004423429417227125,0.013181173594961283,7,0.8533836670103483,41978.0,0.013782459783778171,
P1,P1-run6,POD,10,0,0.007264009029357606,0.0005984246623419695,0.00120421657335343,7,0.04397895900183357,99000.0,,
P1,P1-run6,TBMD,10,48,0.26445775805787464,0.004422384346820091,0.013180074359690727,7,0.9277414999960456,56120.0,0.013756917017503435,
P1,P1-run6,POD,16,0,0.0021747217788448975,7.695005207522627e-05,0.00017173172563902277,7,0.049631709000095725,158400.0,,
P1,P1-run6,TBMD,16,48,0.26438424783999187,0.0043863768656870455,0.013131512823043414,7,0.8764367080002557,84404.0,0.013751983650912143,
P1,P1-run6,POD,20,0,0.0018828738040244481,5.434960169102571e-05,0.0001280414863784378,7,0.05177216700394638,198000.0,,
P1,P1-run6,TBMD,20,48,0.2643788943918067,0.004386219697846048,0.013131158128823452,7,0.8999731660005637,103260.0,0.013751958008667464,
P1,P1-run6,POD,30,0,0.0010842502136437792,2.1871491127855704e-05,5.931071767708226e-05,7,0.04980862501543015,297000.0,,
P1,P1-run6,TBMD,30,48,0.2643728782214153,0.004386003391461314,0.013130707910560403,7,0.9619846249988768,150400.0,0.013751955705225397,
P1,P1-run6,POD,50,0,0.0008401195225807052,1.8700560787553605e-05,4.848512493542471e-05,7,0.04797908299951814,495000.0,,
P1,P1-run6,TBMD,50,48,0.26436882728025435,0.004385986323753727,0.013130570866353674,7,1.091439084004378,244680.0,0.013751955652807171,
P1,P1-run6,TBMD-R1sweep,7,12,1.9666794010467858,0.019048368396644495,0.08277260213556564,7,0.8956677080132067,5006.0,0.10730158515217784,12.0
P1,P1-run6,TBMD-R1sweep,7,24,1.1287808607276646,0.012774470918125691,0.049237498051911216,7,3.939652417000616,13298.0,0.062279858672131226,24.0
P1,P1-run6,TBMD-R1sweep,7,48,0.26444883798794666,0.004423429417227125,0.013181173594961283,7,0.7876252499991097,41978.0,0.013782459783778171,48.0
P1,P1-run6,TBMD-R1sweep,7,96,0.00748939728135689,0.0006223115476707223,0.0012518044058398446,7,1.1806137920066249,80906.0,0.001018794506831762,48.0
P1,P1-run6,TBMD-R1sweep,7,139,0.007119000052474078,0.0006054682855168929,0.001216526424275956,7,1.5676575000106823,115779.0,0.0009877169290592098,48.0
P1,P1-run7,prior,0,0,0.1822171110863691,0.001344343922851019,0.007187203304121388,8,,,,
P1,P1-run7,POD,2,0,0.13270919454187038,0.005584573440493313,0.012096848867600454,8,0.040869582997402176,19800.0,,
P1,P1-run7,TBMD,2,48,0.29869012848931575,0.00689095540532871,0.017486686661837073,8,1.2249937909946311,18408.0,0.024509092198194055,
P1,P1-run7,POD,5,0,0.07038029673934833,0.001152690382601299,0.0034431115781894672,8,0.04595749999862164,49500.0,,
P1,P1-run7,TBMD,5,48,0.27881550531416477,0.004409298730336671,0.01342096671347844,8,0.7742895830015186,32550.0,0.013557497509752181,
P1,P1-run7,POD,8,0,0.01609580150600687,0.0006510288359588703,0.001419626806791228,8,0.07065420900471509,79200.0,,
P1,P1-run7,TBMD,8,48,0.27179750383160634,0.00433797954319574,0.013134182773309896,8,0.8835750839789398,46692.0,0.013338523928134336,
P1,P1-run7,POD,10,0,0.013050725420937777,0.00041638615872677015,0.0009537521423971541,8,0.065216082992265,99000.0,,
P1,P1-run7,TBMD,10,48,0.2717406274659145,0.004309961296751596,0.013096184575712263,8,0.7420525829948019,56120.0,0.013323560198846245,
P1,P1-run7,POD,16,0,0.0033471674708208704,0.00011943108263405997,0.00026685774862528477,8,0.049159166024765,158400.0,,
P1,P1-run7,TBMD,16,48,0.2714553724882897,0.0042935304621680645,0.01306696990786769,8,0.7387406250054482,84404.0,0.01331846621201275,
P1,P1-run7,POD,20,0,0.0024537263967677786,5.6873989904428036e-05,0.00014442669314619156,8,0.05495429100119509,198000.0,,
P1,P1-run7,TBMD,20,48,0.27144553970401697,0.004292706466777353,0.013065627531632483,8,0.7629072080017067,103260.0,0.01331842078042406,
P1,P1-run7,POD,30,0,0.001139532153462829,2.8264317427650292e-05,7.011192573611181e-05,8,0.055156624992378056,297000.0,,
P1,P1-run7,TBMD,30,48,0.2714343615467467,0.004292492090999612,0.013065038860465304,8,0.8407784999872092,150400.0,0.013318416980896825,
P1,P1-run7,POD,50,0,0.0009432488471266777,2.1989739302678246e-05,5.5857997230060984e-05,8,0.061699625017354265,495000.0,,
P1,P1-run7,TBMD,50,48,0.27142898997452547,0.004292476316364167,0.013064869225803973,8,0.9437880000041332,244680.0,0.013318416900523091,
P1,P1-run7,TBMD-R1sweep,8,12,2.0314757358502833,0.0191800601275581,0.0834093912180631,8,0.7523292909900192,5400.0,0.10767148373177694,12.0
P1,P1-run7,TBMD-R1sweep,8,24,1.1660377670613766,0.012436723389186324,0.04922730168977773,8,4.071399958018446,14556.0,0.06205205727120676,24.0
P1,P1-run7,TBMD-R1sweep,8,48,0.27179750383160634,0.00433797954319574,0.013134182773309896,8,0.6229366659827065,46692.0,0.013338523928134336,48.0
P1,P1-run7,TBMD-R1sweep,8,96,0.016258758116694586,0.0006619717087983875,0.0014417151011960766,8,1.0322017500002403,90228.0,0.0008178470100448797,48.0
P1,P1-run7,TBMD-R1sweep,8,139,0.016095801506008606,0.0006510288359588396,0.0014196268067912003,8,1.065722208993975,129229.0,0.0007885448528700736,48.0
P1,P1-run8,prior,0,0,0.20816612813349897,0.0014871227087100544,0.00716466451476293,7,,,,
P1,P1-run8,POD,2,0,0.25381382040119405,0.006437200376016108,0.015048372179159117,7,0.0726642080117017,19800.0,,
P1,P1-run8,TBMD,2,48,0.4234464554356581,0.007746026410796724,0.020288823916759166,7,0.9312234579992946,18408.0,0.033485720903175864,
P1,P1-run8,POD,5,0,0.09425307771134588,0.0014461607965289623,0.004116262578473349,7,0.03801495902007446,49500.0,,
P1,P1-run8,TBMD,5,48,0.34941397033340094,0.004712910596626738,0.014381114678870212,7,0.7311369579983875,32550.0,0.014420848430436171,
P1,P1-run8,POD,7,0,0.01676107312260998,0.0007788648789220665,0.0016319009667208856,7,0.1230799580225721,69300.0,,
P1,P1-run8,TBMD,7,48,0.3388031180448088,0.004602406252008306,0.013986183352057693,7,0.728406417008955,41978.0,0.014183552053011597,
P1,P1-run8,POD,10,0,0.02001519271369289,0.00036748643820414114,0.0009619390370437452,7,0.046491250017425045,99000.0,,
P1,P1-run8,TBMD,10,48,0.33908084326366916,0.004553940415041923,0.013930002151713871,7,0.7753286250226665,56120.0,0.014159911188909934,
P1,P1-run8,POD,16,0,0.004897033199799049,0.00011155657896300203,0.00026962543331181114,7,0.0536151249834802,158400.0,,
P1,P1-run8,TBMD,16,48,0.33850835049502637,0.0045412882912296716,0.013900030349274686,7,0.7147610419779085,84404.0,0.014155632005057402,
P1,P1-run8,POD,20,0,0.0028298929354341807,5.9507354537324186e-05,0.00014789995364133393,7,0.04488116598804481,198000.0,,
P1,P1-run8,TBMD,20,48,0.3384808442925251,0.004540573887920056,0.013898451330159208,7,0.8241377499944065,103260.0,0.01415560590049118,
P1,P1-run8,POD,30,0,0.0018395309027067583,3.2486680506136075e-05,8.679955067376095e-05,7,0.05495058401720598,297000.0,,
P1,P1-run8,TBMD,30,48,0.3384680418084172,0.004540316385938749,0.01389781304792187,7,0.86251891599386,150400.0,0.014155603745228952,
P1,P1-run8,POD,50,0,0.0013062080793825551,2.6485550204139375e-05,6.683232668831679e-05,7,0.0571031250001397,495000.0,,
P1,P1-run8,TBMD,50,48,0.33846336455100784,0.004540291578444259,0.013897669380320575,7,0.9444081250112504,244680.0,0.014155603689916418,
P1,P1-run8,TBMD-R1sweep,7,12,2.385976609030845,0.01926530062410268,0.08386520285064288,7,0.669728834007401,5006.0,0.10786768375024289,12.0
P1,P1-run8,TBMD-R1sweep,7,24,1.3839828333572168,0.012068424830379565,0.0494771686159632,7,4.039944749994902,13298.0,0.06261580506462287,24.0
P1,P1-run8,TBMD-R1sweep,7,48,0.3388031180448088,0.004602406252008306,0.013986183352057693,7,0.7671878750261385,41978.0,0.014183552053011597,48.0
P1,P1-run8,TBMD-R1sweep,7,96,0.017049530883654854,0.0007920930752240178,0.0016596108785655792,7,1.014112875011051,80906.0,0.0009923599673872332,48.0
P1,P1-run8,TBMD-R1sweep,7,139,0.016761073122611752,0.0007788648789220602,0.001631900966720892,7,0.9735192079970147,115779.0,0.0009639911808192139,48.0
P1,P1-run9,prior,0,0,0.17737581515278544,0.0014490637270395481,0.006158694586491998,7,,,,
P1,P1-run9,POD,2,0,0.2389237773552027,0.006545030571615767,0.014611416631673917,7,0.05465229201945476,19800.0,,
P1,P1-run9,TBMD,2,48,0.41063042816372763,0.007903055266453447,0.01980557755160453,7,0.8078600419976283,18408.0,0.03016706953513741,
P1,P1-run9,POD,5,0,0.047679654612786365,0.0008441944256363854,0.0021967464075585527,7,0.05207537498790771,49500.0,,
P1,P1-run9,TBMD,5,48,0.33584192234643734,0.004750467839363014,0.01382467003019732,7,0.8324967080261558,32550.0,0.014493295351858733,
P1,P1-run9,POD,7,0,0.016029498209126886,0.0006970945984544709,0.0014303585950691206,7,0.09532125000259839,69300.0,,
P1,P1-run9,TBMD,7,48,0.33341709790125434,0.004733008955430644,0.013746223130345136,7,0.8132334580004681,41978.0,0.014352406034879448,
P1,P1-run9,POD,10,0,0.01903655855463994,0.00045839332722062687,0.001060629144237359,7,0.0487413750088308,99000.0,,
P1,P1-run9,TBMD,10,48,0.3335501253462607,0.0047063029347028055,0.013715173965242976,7,0.7273520000162534,56120.0,0.014332245340195029,
P1,P1-run9,POD,16,0,0.0042586513721466724,8.876842936750161e-05,0.00021598688949158197,7,0.05074904201319441,158400.0,,
P1,P1-run9,TBMD,16,48,0.3330842492501289,0.0046857606523704395,0.01367818390666604,7,0.7347667909925804,84404.0,0.014328249283606624,
P1,P1-run9,POD,20,0,0.002683143078172851,5.984547755271401e-05,0.00014214148497189457,7,0.04736858399701305,198000.0,,
P1,P1-run9,TBMD,20,48,0.3330705778484313,0.004685500244943801,0.013677534172886412,7,0.8260397500125691,103260.0,0.014328231393843491,
P1,P1-run9,POD,30,0,0.0016491049091374192,3.0427583315859277e-05,7.791115869932645e-05,7,0.040968709014123306,297000.0,,
P1,P1-run9,TBMD,30,48,0.333060275507813,0.004685234602525169,0.013676955666227746,7,0.8329755000013392,150400.0,0.014328228896448988,
P1,P1-run9,POD,50,0,0.0010457430821785474,2.3333510770360972e-05,5.5537269767087473e-05,7,0.05338341600145213,495000.0,,
P1,P1-run9,TBMD,50,48,0.33305364601397214,0.004685226200666465,0.01367679076609762,7,0.9440242909768131,244680.0,0.01432822884093857,
P1,P1-run9,TBMD-R1sweep,7,12,2.4225139280504946,0.019347845948421868,0.08359057541427592,7,0.6965128330048174,5006.0,0.10806412001168732,12.0
P1,P1-run9,TBMD-R1sweep,7,24,1.4019888734403272,0.012449254755695716,0.04949473258537441,7,3.9740249589958694,13298.0,0.0627360903000466,24.0
P1,P1-run9,TBMD-R1sweep,7,48,0.33341709790125434,0.004733008955430644,0.013746223130345136,7,0.6519636250159238,41978.0,0.014352406034879448,48.0
P1,P1-run9,TBMD-R1sweep,7,96,0.016321039620579923,0.0007137319093163864,0.0014634564749366503,7,0.9307398749806453,80906.0,0.0009323008983793467,48.0
P1,P1-run9,TBMD-R1sweep,7,139,0.016029498209125952,0.0006970945984544773,0.0014303585950691216,7,1.0918640839809086,115779.0,0.0009001030130134751,48.0
P1,P1-run10,prior,0,0,0.16887445798437614,0.0013134007276735264,0.0069554236365196535,8,,,,
P1,P1-run10,POD,2,0,0.19416254001283872,0.0058002864265184785,0.0136012946081995,8,0.04128037500777282,19800.0,,
P1,P1-run10,TBMD,2,48,0.32455896931972034,0.007049028938856155,0.018569264991631612,8,0.7593676669930574,18408.0,0.031183148502347505,
P1,P1-run10,POD,5,0,0.03274260108485682,0.0007290512804524137,0.0019023029896945915,8,0.057780625007580966,49500.0,,
P1,P1-run10,TBMD,5,48,0.2675921518054803,0.004483062162745907,0.013474122453335194,8,0.8209264579927549,32550.0,0.014133830359069304,
P1,P1-run10,POD,8,0,0.010120692038700255,0.0006703095251253585,0.00137064037339645,8,0.058499125007074326,79200.0,,
P1,P1-run10,TBMD,8,48,0.2659861669273472,0.004475057054949243,0.013417433487750298,8,0.7916665420052595,46692.0,0.013966576328669626,
P1,P1-run10,POD,10,0,0.011464638533841283,0.0002386521586873458,0.000641712327991518,8,0.04980029200669378,99000.0,,
P1,P1-run10,TBMD,10,48,0.26609740785414,0.004436304506018785,0.013370856034153064,8,0.7167519580107182,56120.0,0.0139579966871276,
P1,P1-run10,POD,16,0,0.0021073970448953366,6.552600685659614e-05,0.0001520483944892559,8,0.044510957988677546,158400.0,,
P1,P1-run10,TBMD,16,48,0.2658334986922678,0.004430569673013581,0.013355852621531251,8,0.771609666000586,84404.0,0.013954739777887347,
P1,P1-run10,POD,20,0,0.0016262421164284255,5.1053490713468775e-05,0.00011810755056194876,8,0.05766216601477936,198000.0,,
P1,P1-run10,TBMD,20,48,0.2658287191703361,0.004430458555775235,0.013355571351113961,8,0.8050077079969924,103260.0,0.013954729110549714,
P1,P1-run10,POD,30,0,0.0013774123388233593,3.0010234006216194e-05,7.919098280937572e-05,8,0.061498916998971254,297000.0,,
P1,P1-run10,TBMD,30,48,0.26582549913622866,0.0044302783887312175,0.013355246697353563,8,0.7862046659865882,150400.0,0.013954727728668903,
P1,P1-run10,POD,50,0,0.0008612719755521136,1.9588188923539745e-05,5.0860074303608145e-05,8,0.05445645801955834,495000.0,,
P1,P1-run10,TBMD,50,48,0.2658215021005648,0.004430247536309116,0.01335509106337804,8,0.9100960840005428,244680.0,0.013954727682130552,
P1,P1-run10,TBMD-R1sweep,8,12,1.950578137924524,0.019116266159203137,0.0833592223160385,8,0.7061077500111423,5400.0,0.10766023196831233,12.0
P1,P1-run10,TBMD-R1sweep,8,24,1.1147392223759642,0.012843582661207434,0.049442942982616145,8,3.99023083402426,14556.0,0.06223282416904406,24.0
P1,P1-run10,TBMD-R1sweep,8,48,0.2659861669273472,0.004475057054949243,0.013417433487750298,8,0.593596124992473,46692.0,0.013966576328669626,48.0
P1,P1-run10,TBMD-R1sweep,8,96,0.010363982991376908,0.0006847247362518452,0.0014003566886012858,8,1.0007542920066044,90228.0,0.0006893030804497427,48.0
P1,P1-run10,TBMD-R1sweep,8,139,0.0101206920386994,0.000670309525125379,0.00137064037339648,8,1.037127582996618,129229.0,0.0006425343538167261,48.0
P2,P2-run1,prior,0,0,0.7256820069435836,0.000691746734353911,0.021741274904148195,16,,,,
P2,P2-run1,POD,2,0,0.5429355636073059,0.006112682166875688,0.020771560277667467,16,2.8965431669785175,19800.0,,
P2,P2-run1,TBMD,2,48,0.6302834056135925,0.007774855337167971,0.024603208411290434,16,17.434586624993244,20590.0,0.02688046946698189,
P2,P2-run1,POD,5,0,0.18814737802612544,0.0008711727515864531,0.00583204924874703,16,2.737027917028172,49500.0,,
P2,P2-run1,TBMD,5,48,0.35038471331102805,0.004234356398599034,0.01312370332354036,16,21.712011332972907,38005.0,0.014014284151735864,
P2,P2-run1,POD,10,0,0.0812840991369457,0.0008977993683289609,0.0029876718879950997,16,3.0554754589975346,99000.0,,
P2,P2-run1,TBMD,10,48,0.3098245102652608,0.004252383259354138,0.0121895100642838,16,24.00643599999603,67030.0,0.01319391268037607,
P2,P2-run1,POD,16,0,0.053512022769414365,0.0005601749554936149,0.0019191507535612187,16,2.7228981670050416,158400.0,,
P2,P2-run1,TBMD,16,48,0.3015409232148572,0.004183771143055068,0.011918603052296311,16,25.632574915973237,101860.0,0.01309403404287587,
P2,P2-run1,POD,20,0,0.03133544749182242,0.0005043073234828017,0.0013400762890070578,16,4.536745458986843,198000.0,,
P2,P2-run1,TBMD,20,48,0.2995531565743247,0.0041778417894857535,0.011868201849622778,16,47.65923220900004,125080.0,0.013078839162857687,
P2,P2-run1,POD,30,0,0.014977204701949631,0.00038775474634152827,0.0008668590723032154,16,5.149929999985034,297000.0,,
P2,P2-run1,TBMD,30,48,0.2988455556543718,0.004168272067422293,0.011840676537575643,16,55.62526716699358,183130.0,0.013068828425667903,
P2,P2-run1,POD,50,0,0.005204574574158316,0.00021657601668289618,0.00043931324587650534,16,5.720828374993289,495000.0,,
P2,P2-run1,TBMD,50,48,0.2985920193153533,0.004158440140218057,0.011822452098608315,16,48.939179125009105,299230.0,0.013067345716407166,
P2,P2-run1,TBMD-R1sweep,16,12,2.421497484894767,0.020129811858990786,0.08064310640964746,16,46.63679116600542,26008.0,0.1064623122212802,12.0
P2,P2-run1,TBMD-R1sweep,16,24,1.3939245780097749,0.013476706114000155,0.04816886352773018,16,351.6084797499934,42076.0,0.061539010994584004,24.0
P2,P2-run1,TBMD-R1sweep,16,48,0.3015409232148572,0.004183771143055068,0.011918603052296311,16,24.867236999998568,101860.0,0.01309403404287587,48.0
P2,P2-run1,TBMD-R1sweep,16,96,0.053997033655317134,0.000570975491745879,0.0019389007130690356,16,29.77472983300686,182260.0,0.0010094253141012817,48.0
P2,P2-run1,TBMD-R1sweep,16,139,0.053512022769415545,0.0005601749554936174,0.001919150753561249,16,35.599663291999605,254285.0,0.0009600701473730582,48.0
P2,P2-run2,prior,0,0,0.5111096403933716,0.000747129353980463,0.015359381315325276,16,,,,
P2,P2-run2,POD,2,0,0.5315376962915491,0.0054134462356730546,0.019000869295841754,16,3.2083479589782655,19800.0,,
P2,P2-run2,TBMD,2,48,0.632733772170347,0.006843577254590141,0.02285596633389766,16,17.405898083001375,20590.0,0.027541719169452285,
P2,P2-run2,POD,5,0,0.14334942056624017,0.0007778311127775118,0.004505411082791022,16,2.6093227920064237,49500.0,,
P2,P2-run2,TBMD,5,48,0.3925064524510324,0.004212294768066798,0.013967727549943028,16,21.820373166992795,38005.0,0.013934727372486369,
P2,P2-run2,POD,10,0,0.07684139174062309,0.0006846539277029366,0.0025948724448688833,16,3.0683940419985447,99000.0,,
P2,P2-run2,TBMD,10,48,0.37268957820750054,0.004195702774233845,0.013449967423755411,16,25.97634058300173,67030.0,0.013042578034212129,
P2,P2-run2,POD,16,0,0.056489628918575,0.0005168760981045965,0.0019198932899695091,16,2.9216122910147533,158400.0,,
P2,P2-run2,TBMD,16,48,0.36874811103927313,0.004166301112818728,0.013332020607154254,16,27.06905750001897,101860.0,0.01294205214079851,
P2,P2-run2,POD,20,0,0.04205900700482156,0.0005001644559939586,0.0015530886806583337,16,4.938059667008929,198000.0,,
P2,P2-run2,TBMD,20,48,0.36773375123421526,0.004161081816983113,0.01330315503783808,16,53.690805666992674,125080.0,0.012928425968086073,
P2,P2-run2,POD,30,0,0.014314264204255002,0.0004067854735259884,0.0008742461823167272,16,6.205857916997047,297000.0,,
P2,P2-run2,TBMD,30,48,0.36580143175407553,0.00415274370194643,0.013248492885778774,16,59.172660832991824,183130.0,0.012919129575318487,
P2,P2-run2,POD,50,0,0.004335002917813802,0.0001984476207663758,0.00039538835994159,16,5.895753917022375,495000.0,,
P2,P2-run2,TBMD,50,48,0.36559526792363356,0.004140730249076887,0.013230399486957884,16,58.50297312499606,299230.0,0.012917544579459903,
P2,P2-run2,TBMD-R1sweep,16,12,2.5049820812625176,0.020142860623405767,0.08193692164897694,16,41.463550749991555,26008.0,0.10633511356538108,12.0
P2,P2-run2,TBMD-R1sweep,16,24,1.4454365519092764,0.01345890712906083,0.048915325730479346,16,332.86806237499695,42076.0,0.06147433601758307,24.0
P2,P2-run2,TBMD-R1sweep,16,48,0.36874811103927313,0.004166301112818728,0.013332020607154254,16,25.584233499976108,101860.0,0.01294205214079851,48.0
P2,P2-run2,TBMD-R1sweep,16,96,0.056896190581736415,0.0005266228008205955,0.001938630598205827,16,30.28579695901135,182260.0,0.0009530472531716518,48.0
P2,P2-run2,TBMD-R1sweep,16,139,0.05648962891857594,0.0005168760981045864,0.00191989328996952,16,34.85228629200719,254285.0,0.000900997651087414,48.0
P2,P2-run3,prior,0,0,1.2176595210497159,0.0006973114644613222,0.035305127279285795,16,,,,
P2,P2-run3,POD,2,0,0.47659742746220735,0.0057068973544193964,0.01765344669603911,16,2.643639374990016,19800.0,,
P2,P2-run3,TBMD,2,48,0.5830163109467991,0.007130702914574991,0.02159087698241397,16,19.913235083018662,20590.0,0.027594474446381006,
P2,P2-run3,POD,5,0,0.1314474793347057,0.0006138017327417652,0.003955173216488742,16,3.1766425000096206,49500.0,,
P2,P2-run3,TBMD,5,48,0.3526648435070223,0.0041777408630151456,0.012688307749328848,16,25.734058625006583,38005.0,0.01407270291178192,
P2,P2-run3,POD,10,0,0.07253615902010217,0.0005318817745411867,0.0023288995694249436,16,2.879042084008688,99000.0,,
P2,P2-run3,TBMD,10,48,0.3338456952270818,0.004174033150367845,0.012245018322175658,16,23.19959750000271,67030.0,0.013183388523521179,
P2,P2-run3,POD,16,0,0.035262040384072865,0.0004388877392707136,0.001305621174290978,16,3.9941177500004414,158400.0,,
P2,P2-run3,TBMD,16,48,0.32894430942317254,0.004160560790623045,0.012117810852092164,16,55.020476416975725,101860.0,0.013080460325984778,
P2,P2-run3,POD,20,0,0.030219270934757063,0.00034473870882845446,0.0010913574422348757,16,5.030669500003569,198000.0,,
P2,P2-run3,TBMD,20,48,0.3285106321039677,0.0041538602304089945,0.01210023945465327,16,57.44885591600905,125080.0,0.01306526615028339,
P2,P2-run3,POD,30,0,0.011275036826345668,0.0003167720168310263,0.0006702944637788316,16,5.696386083989637,297000.0,,
P2,P2-run3,TBMD,30,48,0.32761766706913026,0.004153116236415962,0.012079343996436693,16,50.9631276250002,183130.0,0.01305528237367839,
P2,P2-run3,POD,50,0,0.004221005074903617,0.00016589907038728279,0.0003297844140835406,16,5.175821167009417,495000.0,,
P2,P2-run3,TBMD,50,48,0.327465482453655,0.004145538056946313,0.012067174555953929,16,53.35889037500601,299230.0,0.013053667864828165,
P2,P2-run3,TBMD-R1sweep,16,12,2.527177068039769,0.02014689742982614,0.08106373239572127,16,55.77108600002248,26008.0,0.10639460751091254,12.0
P2,P2-run3,TBMD-R1sweep,16,24,1.4538251559512394,0.013447470262637325,0.04824105809596116,16,292.4399556249846,42076.0,0.06152091274334341,24.0
P2,P2-run3,TBMD-R1sweep,16,48,0.32894430942317254,0.004160560790623045,0.012117810852092164,16,22.822254583006725,101860.0,0.013080460325984778,48.0
P2,P2-run3,TBMD-R1sweep,16,96,0.03600572164690699,0.0004522312920732548,0.0013356442506303073,16,30.90419229201507,182260.0,0.0010174204164550855,48.0
P2,P2-run3,TBMD-R1sweep,16,139,0.03526204038407412,0.0004388877392707083,0.0013056211742910014,16,35.93082974999561,254285.0,0.0009680581139735559,48.0
P2,P2-run4,prior,0,0,0.5244420464371482,0.0006994927465492347,0.015697538354559854,16,,,,
P2,P2-run4,POD,2,0,0.5230435030503555,0.005071490887560501,0.018714631271882925,16,2.4764458340068813,19800.0,,
P2,P2-run4,TBMD,2,48,0.6121205442191294,0.006724568957748875,0.022440849377323876,16,19.998906791995978,20590.0,0.027523386885015964,
P2,P2-run4,POD,5,0,0.17307847840363508,0.0007083305107301788,0.005281614350044752,16,3.694762625003932,49500.0,,
P2,P2-run4,TBMD,5,48,0.36855521128260604,0.004197032564442626,0.013313055182783022,16,27.728029874997446,38005.0,0.0140200810245276,
P2,P2-run4,POD,10,0,0.09597204295889894,0.0006817285803715882,0.0030961160282204445,16,3.4461091670091264,99000.0,,
P2,P2-run4,TBMD,10,48,0.33797525713916493,0.004195530173019628,0.012580286148506818,16,26.4433835830132,67030.0,0.01315817649496375,
P2,P2-run4,POD,16,0,0.06558221336238326,0.0006261719552704644,0.002264684781156316,16,5.001798333978513,158400.0,,
P2,P2-run4,TBMD,16,48,0.3303509134178032,0.004179685245106086,0.012389022711808573,16,50.255690749996575,101860.0,0.013063050295141144,
P2,P2-run4,POD,20,0,0.04124753060298234,0.0005413112980436903,0.0015906477381955526,16,4.054911292012548,198000.0,,
P2,P2-run4,TBMD,20,48,0.3275299006628996,0.004175520654064563,0.012319871956598534,16,60.066525416012155,125080.0,0.013050239421946089,
P2,P2-run4,POD,30,0,0.021783718148652,0.0004995064435047553,0.001137767909667802,16,5.101505124999676,297000.0,,
P2,P2-run4,TBMD,30,48,0.32584509907394416,0.004170267169178574,0.012276097455347624,16,51.306283792015165,183130.0,0.013041032442667596,
P2,P2-run4,POD,50,0,0.005707566891267518,0.0003214413188595404,0.0006293823486356313,16,5.205949416005751,495000.0,,
P2,P2-run4,TBMD,50,48,0.3252874135145133,0.004154558209622693,0.012244903376881002,16,58.030677667004056,299230.0,0.013039645902949327,
P2,P2-run4,TBMD-R1sweep,16,12,2.4753649721280526,0.020176802525364086,0.08136453624476558,16,65.40743633298553,26008.0,0.10638626397444617,12.0
P2,P2-run4,TBMD-R1sweep,16,24,1.4197294398210214,0.01348053358077077,0.04838429218903316,16,279.15094145797775,42076.0,0.061520325797484204,24.0
P2,P2-run4,TBMD-R1sweep,16,48,0.3303509134178032,0.004179685245106086,0.012389022711808573,16,21.413162499986356,101860.0,0.013063050295141144,48.0
P2,P2-run4,TBMD-R1sweep,16,96,0.06588936076978576,0.0006345239035183705,0.002279009027337444,16,31.6083019170037,182260.0,0.0009482172337173733,48.0
P2,P2-run4,TBMD-R1sweep,16,139,0.06558221336238174,0.0006261719552704464,0.0022646847811562594,16,35.70589874999132,254285.0,0.0008958666909691856,48.0
P2,P2-run5,prior,0,0,1.9247124491318006,0.0007229611551406942,0.0597031341619378,16,,,,
P2,P2-run5,POD,2,0,0.38075907422647165,0.004626353613979001,0.015633653547474407,16,2.155444541014731,19800.0,,
P2,P2-run5,TBMD,2,48,0.5316253600715772,0.006545418488748715,0.021422827735159137,16,20.637318583001615,20590.0,0.027515586543985115,
P2,P2-run5,POD,5,0,0.147078521565668,0.0005823811295969993,0.004658121162880558,16,3.710356249997858,49500.0,,
P2,P2-run5,TBMD,5,48,0.37439195691334015,0.004184833984633379,0.014135276927190727,16,26.98873787498451,38005.0,0.013924268513253181,
P2,P2-run5,POD,10,0,0.07479807562034199,0.000505746030190372,0.002495097309479843,16,2.893417416984448,99000.0,,
P2,P2-run5,TBMD,10,48,0.3503684934562924,0.004176878241373576,0.01351276626535593,16,24.163539500004845,67030.0,0.013055761772069914,
P2,P2-run5,POD,16,0,0.054338334812288565,0.00043402057213903376,0.0018698586041383145,16,3.9252737499773502,158400.0,,
P2,P2-run5,TBMD,16,48,0.3470098947178322,0.00416725560248884,0.013422003941335662,16,50.538167958002305,101860.0,0.012951291756634856,
P2,P2-run5,POD,20,0,0.03977624692362118,0.0003501344017112173,0.0014101636820658553,16,5.381555125000887,198000.0,,
P2,P2-run5,TBMD,20,48,0.3460108793936973,0.0041605225729137415,0.013391491483848555,16,56.85631562501658,125080.0,0.012938383037594108,
P2,P2-run5,POD,30,0,0.012435140048831384,0.0002833107429173639,0.0006773365008057671,16,5.164462999993702,297000.0,,
P2,P2-run5,TBMD,30,48,0.3443470382827924,0.004156783013368181,0.013346131042349153,16,52.76178637499106,183130.0,0.012929672518373183,
P2,P2-run5,POD,50,0,0.005152071486920697,0.00017904912033702046,0.00038876010827859875,16,5.797177209024085,495000.0,,
P2,P2-run5,TBMD,50,48,0.3441612374501055,0.004151742685345576,0.013335791030490695,16,50.51599291598541,299230.0,0.012928073410504838,
P2,P2-run5,TBMD-R1sweep,16,12,2.3787019965192617,0.02006860741436326,0.08258629265000546,16,60.90875408300781,26008.0,0.10633912827387454,12.0
P2,P2-run5,TBMD-R1sweep,16,24,1.3658539787331614,0.013478644298713278,0.04933650060023603,16,292.09272441698704,42076.0,0.06147583783403842,24.0
P2,P2-run5,TBMD-R1sweep,16,48,0.3470098947178322,0.00416725560248884,0.013422003941335662,16,22.90563649998512,101860.0,0.012951291756634856,48.0
P2,P2-run5,TBMD-R1sweep,16,96,0.05471718769258838,0.00044511149071369953,0.001890130080877314,16,31.399031042004935,182260.0,0.0009434878949002645,48.0
P2,P2-run5,TBMD-R1sweep,16,139,0.05433833481228861,0.0004340205721390116,0.0018698586041382944,16,34.80746291700052,254285.0,0.0008907539533194761,48.0
P2,P2-run6,prior,0,0,1.2559117006811824,0.0008688250755707971,0.036253416692643176,16,,,,
P2,P2-run6,POD,2,0,0.5483336859552551,0.005798547136397181,0.019606612280447994,16,2.4171954590128735,19800.0,,
P2,P2-run6,TBMD,2,48,0.6362262284820898,0.007304315827947094,0.02317078332436392,16,20.594579291995615,20590.0,0.02738069589630257,
P2,P2-run6,POD,5,0,0.20736038681508107,0.0009185150422044493,0.0062272918184309925,16,3.8082621670037042,49500.0,,
P2,P2-run6,TBMD,5,48,0.38421198867466083,0.0042355029838111015,0.013487736358582143,16,27.42947233299492,38005.0,0.013999142241616962,
P2,P2-run6,POD,10,0,0.11964055351969284,0.0007330043272428445,0.003717019493623678,16,3.0821437920094468,99000.0,,
P2,P2-run6,TBMD,10,48,0.34483934897961876,0.004207068721321342,0.012524951310736493,16,27.472550874983426,67030.0,0.013172777295034148,
P2,P2-run6,POD,16,0,0.06580422172156254,0.0006149515345455368,0.002228690837142836,16,4.835071999987122,158400.0,,
P2,P2-run6,TBMD,16,48,0.3299592531626293,0.004186227243229403,0.012165603406886724,16,52.16566904098727,101860.0,0.013084296481745769,
P2,P2-run6,POD,20,0,0.054923240113904676,0.0005955964221467008,0.0019365592425616026,16,4.759085124998819,198000.0,,
P2,P2-run6,TBMD,20,48,0.3295654159002441,0.0041838788950022115,0.012153719345640105,16,60.48173258299357,125080.0,0.013068590883803258,
P2,P2-run6,POD,30,0,0.0261446656790544,0.0004261572944668852,0.0010923143578129844,16,4.984291083004791,297000.0,,
P2,P2-run6,TBMD,30,48,0.3266879319247854,0.004164216320517054,0.012066387728836735,16,55.47072024998488,183130.0,0.013059838819473693,
P2,P2-run6,POD,50,0,0.0052700619987949,0.0002515325790772764,0.0004869003233276763,16,4.858519166009501,495000.0,,
P2,P2-run6,TBMD,50,48,0.3258263654110088,0.004152560046587193,0.012033624331358826,16,64.08108887501294,299230.0,0.013058359008491905,
P2,P2-run6,TBMD-R1sweep,16,12,2.5191821857565766,0.02007500847245819,0.08092327264540801,16,66.11790029198164,26008.0,0.10640313650822351,12.0
P2,P2-run6,TBMD-R1sweep,16,24,1.44995820783877,0.013412073813425001,0.04818391093405988,16,268.2719377920148,42076.0,0.06151905169700812,24.0
P2,P2-run6,TBMD-R1sweep,16,48,0.3299592531626293,0.004186227243229403,0.012165603406886724,16,23.203165125014493,101860.0,0.013084296481745769,48.0
P2,P2-run6,TBMD-R1sweep,16,96,0.06585487976329707,0.0006247091309733705,0.0022366797283034576,16,31.03200887501589,182260.0,0.0009897931955937813,48.0
P2,P2-run6,TBMD-R1sweep,16,139,0.06580422172156267,0.0006149515345455421,0.0022286908371428452,16,35.824594417004846,254285.0,0.0009392715742144359,48.0
P2,P2-run7,prior,0,0,0.6071516920506138,0.0008050174710090959,0.017687226531359634,16,,,,
P2,P2-run7,POD,2,0,0.3994686840314207,0.0051527979153867575,0.015612938139838784,16,2.991630584001541,19800.0,,
P2,P2-run7,TBMD,2,48,0.5156041445130206,0.006642949009238486,0.019868067441543513,16,24.819773750001332,20590.0,0.027891770475285016,
P2,P2-run7,POD,5,0,0.186165218887355,0.0008812318650790888,0.0056734587067255905,16,3.15252987499116,49500.0,,
P2,P2-run7,TBMD,5,48,0.36824601041522553,0.004237369267632758,0.013322515713169088,16,22.041218958998797,38005.0,0.014007674206174011,
P2,P2-run7,POD,10,0,0.09992414295657978,0.0007664938113619223,0.0032411867379509773,16,2.1446113330021035,99000.0,,
P2,P2-run7,TBMD,10,48,0.32486629343994866,0.004219837482136002,0.012291520785509507,16,20.897038208000595,67030.0,0.013193314780322499,
P2,P2-run7,POD,16,0,0.06221545476086619,0.0007032716384078511,0.00224209549067932,16,3.2901804170105606,158400.0,,
P2,P2-run7,TBMD,16,48,0.3146978555694086,0.004208301177760106,0.012054735721427684,16,20.200640042021405,101860.0,0.013098436022418905,
P2,P2-run7,POD,20,0,0.04051410507543869,0.0006530009076477029,0.0017025438130590567,16,2.092977416003123,198000.0,,
P2,P2-run7,TBMD,20,48,0.31299341110249385,0.0042036642657197094,0.012011172096671073,16,26.058863582991762,125080.0,0.01308384204545188,
P2,P2-run7,POD,30,0,0.01976174926408096,0.0004170727694925635,0.0009758134981114393,16,2.726805750018684,297000.0,,
P2,P2-run7,TBMD,30,48,0.3112564948313695,0.004175704165771535,0.011939611280662498,16,17.79687454199302,183130.0,0.013074812254732036,
P2,P2-run7,POD,50,0,0.006423287320344604,0.0002759783986623352,0.0005488096825905965,16,2.4569990830204915,495000.0,,
P2,P2-run7,TBMD,50,48,0.31076831826608026,0.00416513480051981,0.011916106316979624,16,16.30770304100588,299230.0,0.013073361497022123,
P2,P2-run7,TBMD-R1sweep,16,12,2.4922030664096626,0.02018789226364381,0.08160873351058505,16,12.412562000012258,26008.0,0.10635155483295781,12.0
P2,P2-run7,TBMD-R1sweep,16,24,1.4227043168297229,0.013526885924499504,0.04838961955717279,16,60.08339154100395,42076.0,0.061521834117997276,24.0
P2,P2-run7,TBMD-R1sweep,16,48,0.3146978555694086,0.004208301177760106,0.012054735721427684,16,16.385947749979096,101860.0,0.013098436022418905,48.0
P2,P2-run7,TBMD-R1sweep,16,96,0.062376225293991214,0.0007103200000532346,0.0022527025316751467,16,17.93114525001147,182260.0,0.000977037168388153,48.0
P2,P2-run7,TBMD-R1sweep,16,139,0.062215454760864514,0.0007032716384078507,0.0022420954906792775,16,20.66309254200314,254285.0,0.0009262275058400854,48.0
P2,P2-run8,prior,0,0,2.0728610735339172,0.0009238792476391995,0.0666308030164824,16,,,,
P2,P2-run8,POD,2,0,0.6664927302974929,0.007916218387320715,0.026790355159064253,16,3.4342682080168743,19800.0,,
P2,P2-run8,TBMD,2,48,0.7905554013525844,0.008903014682576793,0.03101938875952939,16,24.075563416001387,20590.0,0.02722889875108706,
P2,P2-run8,POD,5,0,0.19543542945578135,0.0007695406429735636,0.006325575721840757,16,3.1025245419878047,49500.0,,
P2,P2-run8,TBMD,5,48,0.4493615396092442,0.004201363262244392,0.01631008091766158,16,21.269749915983994,38005.0,0.01394436359237828,
P2,P2-run8,POD,10,0,0.0924506176968449,0.0007051963724461843,0.0032488065917198965,16,2.33903870798531,99000.0,,
P2,P2-run8,TBMD,10,48,0.4067040271958658,0.004189946989530046,0.01517570298642056,16,21.36726820797776,67030.0,0.013112370283733306,
P2,P2-run8,POD,16,0,0.053223291755794475,0.0004699598972629629,0.0019101685206266302,16,3.708606916014105,158400.0,,
P2,P2-run8,TBMD,16,48,0.3999489072377535,0.004153372382732524,0.014960149251691339,16,18.446328707999783,101860.0,0.013010041808843102,
P2,P2-run8,POD,20,0,0.0366302393702856,0.00041323181319292843,0.0014096168427669802,16,2.135537584021222,198000.0,,
P2,P2-run8,TBMD,20,48,0.39901236914961713,0.004145439805977711,0.014927353825080916,16,25.914793792006094,125080.0,0.01299486712466951,
P2,P2-run8,POD,30,0,0.011860139066476939,0.00025264423486981403,0.000621130524112424,16,2.6557229999743868,297000.0,,
P2,P2-run8,TBMD,30,48,0.39826314766521875,0.0041361869347350515,0.014898513201619779,16,17.4242041670077,183130.0,0.012985014465395737,
P2,P2-run8,POD,50,0,0.004444776018527428,0.00017042280032848734,0.0003662955505217613,16,2.5610870419768617,495000.0,,
P2,P2-run8,TBMD,50,48,0.39784199297936607,0.004130328161880886,0.0148810620891433,16,15.53127791598672,299230.0,0.01298342381186051,
P2,P2-run8,TBMD-R1sweep,16,12,2.4224289024337717,0.02003748666185544,0.08514789873017937,16,13.620508332998725,26008.0,0.10630179825814547,12.0
P2,P2-run8,TBMD-R1sweep,16,24,1.407475121641165,0.013463713308514749,0.051195411601872215,16,56.03364308300661,42076.0,0.06143242477613889,24.0
P2,P2-run8,TBMD-R1sweep,16,48,0.3999489072377535,0.004153372382732524,0.014960149251691339,16,16.079278542019892,101860.0,0.013010041808843102,48.0
P2,P2-run8,TBMD-R1sweep,16,96,0.05348827424071124,0.0004819548358521066,0.0019277368342210325,16,18.45562587500899,182260.0,0.0010037137238646345,48.0
P2,P2-run8,TBMD-R1sweep,16,139,0.05322329175579043,0.000469959897262916,0.0019101685206264762,16,21.27471570801572,254285.0,0.000952575027699137,48.0
P2,P2-run9,prior,0,0,1.2891751560653035,0.0014021146947931521,0.03936255434636142,16,,,,
P2,P2-run9,POD,2,0,1.0218223324148967,0.008312881852137287,0.0348962906783554,16,3.704114291991573,19800.0,,
P2,P2-run9,TBMD,2,48,1.0943414791902855,0.009186203947385844,0.037532191221091846,16,23.266358084016247,20590.0,0.026132314941689754,
P2,P2-run9,POD,5,0,0.26645399847845175,0.001250883395393924,0.00844969779929915,16,3.2430661249964032,49500.0,,
P2,P2-run9,TBMD,5,48,0.564693643935945,0.004292380596736887,0.018834488054037295,16,18.753904542012606,38005.0,0.013477514480137634,
P2,P2-run9,POD,10,0,0.135639383483516,0.0009939024228930102,0.00453415270077114,16,2.571913833002327,99000.0,,
P2,P2-run9,TBMD,10,48,0.5111718936625086,0.00422685776298728,0.017330097597286764,16,22.972098458005348,67030.0,0.012643633217609675,
P2,P2-run9,POD,16,0,0.05976177430618907,0.0008318361296012955,0.0024193833622191967,16,3.301310167007614,158400.0,,
P2,P2-run9,TBMD,16,48,0.4988294132446401,0.004176233904238417,0.016960271389094148,16,17.941723291005474,101860.0,0.012549056086397111,
P2,P2-run9,POD,20,0,0.036151032219807505,0.0006525523055490081,0.0016670332170741701,16,3.87560666599893,198000.0,,
P2,P2-run9,TBMD,20,48,0.49709296265871933,0.004149851886140072,0.016891084752169997,16,21.864771458000178,125080.0,0.012535826123280193,
P2,P2-run9,POD,30,0,0.01541900545958226,0.000387061287926227,0.0008797953849595624,16,3.3638853750017006,297000.0,,
P2,P2-run9,TBMD,30,48,0.49609085517923035,0.004113321153340654,0.016832354936489387,16,16.19596970800194,183130.0,0.012526167434830824,
P2,P2-run9,POD,50,0,0.005412278603789251,0.00025096754972263964,0.0005038876772249217,16,1.9446704589936417,495000.0,,
P2,P2-run9,TBMD,50,48,0.49588379166153645,0.004103606328291487,0.016818440999898605,16,16.37441249997937,299230.0,0.0125245800411876,
P2,P2-run9,TBMD-R1sweep,16,12,2.5471663472414225,0.020035177055186943,0.08468603390325183,16,12.208127749996493,26008.0,0.10611637382714853,12.0
P2,P2-run9,TBMD-R1sweep,16,24,1.49677889861948,0.013506892698980156,0.05132088426992764,16,54.71516562500619,42076.0,0.061266752865221936,24.0
P2,P2-run9,TBMD-R1sweep,16,48,0.4988294132446401,0.004176233904238417,0.016960271389094148,16,16.71071316700545,101860.0,0.012549056086397111,48.0
P2,P2-run9,TBMD-R1sweep,16,96,0.060920665332593917,0.0008398514157759192,0.002455707842269865,16,18.657489916979102,182260.0,0.0009523119075452167,48.0
P2,P2-run9,TBMD-R1sweep,16,139,0.059761774306190604,0.0008318361296012819,0.002419383362219214,16,19.73787112502032,254285.0,0.0009066047500353068,48.0
P2,P2-run10,prior,0,0,1.3527587275870714,0.0008279661401590436,0.03913659943281296,16,,,,
P2,P2-run10,POD,2,0,0.4725091454620713,0.00577814214882549,0.017926454776105945,16,4.704042249999475,19800.0,,
P2,P2-run10,TBMD,2,48,0.5722498866415551,0.007171700300273347,0.021625790734683667,16,23.24787320898031,20590.0,0.027646072208538614,
P2,P2-run10,POD,5,0,0.1755605333466292,0.0009085893911411244,0.005328977319282121,16,3.0891621249902528,49500.0,,
P2,P2-run10,TBMD,5,48,0.3581443801757165,0.004228792821718891,0.012833732286046923,16,19.465536959003657,38005.0,0.01406667080507934,
P2,P2-run10,POD,10,0,0.07109773482372951,0.0006355382694626638,0.002363909565875805,16,3.3007059580122586,99000.0,,
P2,P2-run10,TBMD,10,48,0.3196996863041624,0.004185363082672751,0.011901615658738818,16,22.532758624991402,67030.0,0.013227258867797248,
P2,P2-run10,POD,16,0,0.057638669499911206,0.0005621743619781709,0.001970053255809576,16,3.6806244580075145,158400.0,,
P2,P2-run10,TBMD,16,48,0.3165841949430936,0.0041805810347577636,0.011828400278821143,16,19.858569458010606,101860.0,0.013121961093437185,
P2,P2-run10,POD,20,0,0.046450508128219305,0.0005648951873508377,0.0017050694141252664,16,3.874418624996906,198000.0,,
P2,P2-run10,TBMD,20,48,0.315884044377696,0.004173494227888357,0.011804548062221117,16,21.34192645800067,125080.0,0.013107539222525602,
P2,P2-run10,POD,30,0,0.01253904146646972,0.00042847612585862605,0.0008661302699582922,16,2.5869489580218215,297000.0,,
P2,P2-run10,TBMD,30,48,0.31321077542404274,0.004160429028532736,0.01173037172045071,16,15.835893250012305,183130.0,0.013098512340372617,
P2,P2-run10,POD,50,0,0.006262481587183297,0.0002518671425682107,0.0004954446850549408,16,2.496712124993792,495000.0,,
P2,P2-run10,TBMD,50,48,0.3130247701693166,0.0041460979675392124,0.011709131239972121,16,16.458440459013218,299230.0,0.013096872786259251,
P2,P2-run10,TBMD-R1sweep,16,12,2.5310436241609073,0.02007682289032521,0.08088501208889143,16,12.109505083004478,26008.0,0.10640321643545152,12.0
P2,P2-run10,TBMD-R1sweep,16,24,1.449783863009322,0.013390882531869352,0.047966773549083803,16,55.73774537499412,42076.0,0.06155396041839385,24.0
P2,P2-run10,TBMD-R1sweep,16,48,0.3165841949430936,0.0041805810347577636,0.011828400278821143,16,15.35062791602104,101860.0,0.013121961093437185,48.0
P2,P2-run10,TBMD-R1sweep,16,96,0.05791900570538499,0.0005731423506864599,0.00198588328161655,16,17.984391625010176,182260.0,0.000978993308819349,48.0
P2,P2-run10,TBMD-R1sweep,16,139,0.05763866949991483,0.0005621743619781763,0.0019700532558096684,16,19.78209391699056,254285.0,0.0009272571595838107,48.0
