fold,basis,sensing,N,epsilon,admm_iter,rmse_p,rmse_so
P2-run1,POD,grid,10,0.0001,5000,28.921590808620834,0.2718890714260544
P2-run1,POD,grid,10,0.001,5000,29.528755454885275,0.27737352033792084
P2-run1,POD,grid,10,0.01,5000,30.035482480262587,0.2640420431294797
P2-run1,POD,grid,10,0.1,1310,29.54971921590822,0.26621228151495385
P2-run1,POD,grid,10,0.0,0,28.855809470859707,0.2690621909914093
P2-run1,POD,grid,30,0.0001,5000,0.30607339068708994,0.0013989709711314515
P2-run1,POD,grid,30,0.001,5000,0.41897008923802026,0.004616455534999186
P2-run1,POD,grid,30,0.01,5000,1.705372744748615,0.020875888801848107
P2-run1,POD,grid,30,0.1,5000,15.865347252354264,0.14716866811713672
P2-run1,POD,grid,30,0.0,0,0.10065072424109996,0.0012003236230180088
P2-run1,POD,grid,100,0.0001,3760,0.0971583593305004,0.0008283814911389078
P2-run1,POD,grid,100,0.001,3710,0.13127668461306244,0.0015252837251876232
P2-run1,POD,grid,100,0.01,3240,0.5999104627479923,0.008107830622629935
P2-run1,POD,grid,100,0.1,2390,4.052439087899124,0.04312344489032155
P2-run1,POD,grid,100,0.0,0,0.09616821439401521,0.0007758456980831048
P2-run1,POD,wells-joint,5,0.0001,5000,28.90812389382952,0.012594068375883385
P2-run1,POD,wells-joint,5,0.001,5000,28.178303443220216,0.015119897618665518
P2-run1,POD,wells-joint,5,0.01,5000,23.38984126401067,0.06094157031238918
P2-run1,POD,wells-joint,5,0.1,1830,29.327106968592993,0.2719061437965005
P2-run1,POD,wells-joint,5,0.0,0,28.995249245388603,0.012827623073802873
P2-run1,POD,wells-joint,10,0.0001,5000,24.890971497503024,0.02601861538520563
P2-run1,POD,wells-joint,10,0.001,5000,23.174569352421237,0.01933813566391249
P2-run1,POD,wells-joint,10,0.01,5000,13.675978194377185,0.023960000572015284
P2-run1,POD,wells-joint,10,0.1,5000,22.946513438787544,0.15066170545973526
P2-run1,POD,wells-joint,10,0.0,0,0.45476402056384085,0.0008496015444309666
P2-run1,POD,wells-joint,30,0.0001,5000,3.1123419287687737,0.00266941604177222
P2-run1,POD,wells-joint,30,0.001,5000,2.186893931626126,0.002039120469372329
P2-run1,POD,wells-joint,30,0.01,5000,0.6990942491702639,0.008291516125055482
P2-run1,POD,wells-joint,30,0.1,3930,6.433631432952709,0.059131787395097425
P2-run1,POD,wells-joint,30,0.0,0,0.08060812735974805,0.0010527739840201702
P2-run1,POD-E,grid,10,0.0001,5000,1.2290535287529278,0.0017846904391776402
P2-run1,POD-E,grid,10,0.001,3260,1.1229794025238367,0.0017077825417506432
P2-run1,POD-E,grid,10,0.01,140,0.7303804805112395,0.0029088807648795477
P2-run1,POD-E,grid,10,0.1,960,0.5282826901781211,0.0060807620426363606
P2-run1,POD-E,grid,10,0.0,0,0.8069976223248956,0.001505687793940467
P2-run1,POD-E,grid,30,0.0001,270,0.10672074082032765,0.0011764995947645264
P2-run1,POD-E,grid,30,0.001,260,0.12709281645553408,0.001140917115775303
P2-run1,POD-E,grid,30,0.01,110,0.2566030770590387,0.0016766079892887537
P2-run1,POD-E,grid,30,0.1,600,0.393812335254492,0.0047367022796759575
P2-run1,POD-E,grid,30,0.0,0,0.10451083268794491,0.001186030792896881
P2-run1,POD-E,grid,100,0.0001,120,0.09593059259927553,0.0007727647458753619
P2-run1,POD-E,grid,100,0.001,120,0.09554051728543221,0.0007952396621867207
P2-run1,POD-E,grid,100,0.01,160,0.13909994409869086,0.0010217134426551274
P2-run1,POD-E,grid,100,0.1,180,0.2849246213716677,0.002589207973177564
P2-run1,POD-E,grid,100,0.0,0,0.09620474239576837,0.0007702067720324811
P2-run1,POD-E,wells-joint,5,0.0001,5000,0.5555994770160152,0.0006770544206517708
P2-run1,POD-E,wells-joint,5,0.001,2960,0.6798264682086791,0.0011180942265333227
P2-run1,POD-E,wells-joint,5,0.01,150,0.6351645196945549,0.002823069485940112
P2-run1,POD-E,wells-joint,5,0.1,650,0.46946733692903087,0.005064635930108472
P2-run1,POD-E,wells-joint,5,0.0,0,0.37025501494261864,0.0007010749089277271
P2-run1,POD-E,wells-joint,10,0.0001,5000,0.6003783174546147,0.0006430161568415612
P2-run1,POD-E,wells-joint,10,0.001,4490,0.6943943871874898,0.000948394935169154
P2-run1,POD-E,wells-joint,10,0.01,540,0.5630483825263027,0.001259888712982479
P2-run1,POD-E,wells-joint,10,0.1,130,0.4354117618438643,0.0032184026106485157
P2-run1,POD-E,wells-joint,10,0.0,0,0.4264875841648279,0.0006168062812311623
P2-run1,POD-E,wells-joint,30,0.0001,440,0.08307628573796094,0.0010319117525228914
P2-run1,POD-E,wells-joint,30,0.001,430,0.10876921057055727,0.0009172544955822223
P2-run1,POD-E,wells-joint,30,0.01,150,0.20482622582657778,0.0009705408972844282
P2-run1,POD-E,wells-joint,30,0.1,70,0.3298292783105894,0.0027019992247175302
P2-run1,POD-E,wells-joint,30,0.0,0,0.08060812735977922,0.0010527739840201244
P2-run1,TBMD,grid,10,0.0001,5000,0.4156758750861586,0.007144353539493756
P2-run1,TBMD,grid,10,0.001,5000,0.4322491613850921,0.007196292012159815
P2-run1,TBMD,grid,10,0.01,480,0.5859419579880814,0.00740180543003964
P2-run1,TBMD,grid,10,0.1,890,0.5899076027668579,0.009806960912418792
P2-run1,TBMD,grid,10,0.0,0,0.41593006916848513,0.007227487457015548
P2-run1,TBMD,grid,30,0.0001,620,0.35805913354010394,0.004577616064363558
P2-run1,TBMD,grid,30,0.001,610,0.35583845623517707,0.0045425211704054145
P2-run1,TBMD,grid,30,0.01,210,0.4239657187601105,0.0045280401576875354
P2-run1,TBMD,grid,30,0.1,1610,0.4853769664316392,0.006278382237857414
P2-run1,TBMD,grid,30,0.0,0,0.3588765389197816,0.004582777559204937
P2-run1,TBMD,grid,100,0.0001,200,0.32827794013789924,0.004541915025591872
P2-run1,TBMD,grid,100,0.001,190,0.32827810290595794,0.00452628293344721
P2-run1,TBMD,grid,100,0.01,120,0.3373117533686635,0.004531004174087839
P2-run1,TBMD,grid,100,0.1,150,0.4470908720828322,0.0055212110751012514
P2-run1,TBMD,grid,100,0.0,0,0.3282932599809556,0.0045438782875036115
P2-run1,TBMD,wells-joint,5,0.0001,5000,0.7175713468771567,0.004384412204738622
P2-run1,TBMD,wells-joint,5,0.001,5000,0.652226012621922,0.004323966279297614
P2-run1,TBMD,wells-joint,5,0.01,180,1.00251154841071,0.004881819806838406
P2-run1,TBMD,wells-joint,5,0.1,750,0.5626050040601737,0.006859622249917138
P2-run1,TBMD,wells-joint,5,0.0,0,0.6064729886948919,0.004417957845390445
P2-run1,TBMD,wells-joint,10,0.0001,5000,0.4896586920683194,0.00439918284420422
P2-run1,TBMD,wells-joint,10,0.001,4150,0.5141615671227978,0.004355961161338688
P2-run1,TBMD,wells-joint,10,0.01,270,0.8308039428743317,0.00447587451723205
P2-run1,TBMD,wells-joint,10,0.1,120,0.5383607460829375,0.005936322642806532
P2-run1,TBMD,wells-joint,10,0.0,0,1.6890333717815962,0.004397530490799805
P2-run1,TBMD,wells-joint,30,0.0001,790,0.41421006924162285,0.004297230065805847
P2-run1,TBMD,wells-joint,30,0.001,700,0.3779003990832411,0.004265432699561667
P2-run1,TBMD,wells-joint,30,0.01,200,0.38170941975489087,0.004266705138406136
P2-run1,TBMD,wells-joint,30,0.1,60,0.4618436654914285,0.005128864810556851
P2-run1,TBMD,wells-joint,30,0.0,0,0.4221076503501234,0.0043085328092959
P2-run2,POD,grid,10,0.0001,5000,29.531188324089605,0.2591017812011262
P2-run2,POD,grid,10,0.001,5000,30.75337445776321,0.2548748262866216
P2-run2,POD,grid,10,0.01,5000,30.883228457976877,0.26193089168693284
P2-run2,POD,grid,10,0.1,920,29.998440702700265,0.26589012112424093
P2-run2,POD,grid,10,0.0,0,29.403348528725434,0.2595756935309058
P2-run2,POD,grid,30,0.0001,5000,0.2263272219211995,0.000741775289109444
P2-run2,POD,grid,30,0.001,5000,0.5017372904112221,0.0021731372460947885
P2-run2,POD,grid,30,0.01,5000,2.017922699986908,0.02002385698120933
P2-run2,POD,grid,30,0.1,5000,15.857946908237475,0.14084301328588308
P2-run2,POD,grid,30,0.0,0,0.1534541358203987,0.0006860175211796311
P2-run2,POD,grid,100,0.0001,3560,0.09522879327717239,0.0006274545198709638
P2-run2,POD,grid,100,0.001,3550,0.1159977002005123,0.00084542983203444
P2-run2,POD,grid,100,0.01,3440,0.858025959221172,0.005139250386212662
P2-run2,POD,grid,100,0.1,2510,4.2930072137494815,0.04181612964089221
P2-run2,POD,grid,100,0.0,0,0.10134287613957094,0.000617563266079817
P2-run2,POD,wells-joint,5,0.0001,5000,29.310079675434555,0.006209210511616281
P2-run2,POD,wells-joint,5,0.001,5000,28.46586814104948,0.009594781691012907
P2-run2,POD,wells-joint,5,0.01,5000,23.269085532583755,0.05158681329884156
P2-run2,POD,wells-joint,5,0.1,5000,29.882512709982752,0.26751367924367375
P2-run2,POD,wells-joint,5,0.0,0,29.422551561207534,0.0062034154531893735
P2-run2,POD,wells-joint,10,0.0001,5000,25.3145434448307,0.010205351972869692
P2-run2,POD,wells-joint,10,0.001,5000,23.44257381070819,0.009397437894616716
P2-run2,POD,wells-joint,10,0.01,5000,12.251105862455544,0.021861787237636245
P2-run2,POD,wells-joint,10,0.1,5000,17.478714878291857,0.14354754774400436
P2-run2,POD,wells-joint,10,0.0,0,0.5938547896262123,0.0006539689779423879
P2-run2,POD,wells-joint,30,0.0001,5000,2.522887938433218,0.0016587654806447666
P2-run2,POD,wells-joint,30,0.001,5000,1.639007206776299,0.001305783316889565
P2-run2,POD,wells-joint,30,0.01,5000,0.9992288181122589,0.0068158698739309844
P2-run2,POD,wells-joint,30,0.1,3050,6.620557836816318,0.057623363449787475
P2-run2,POD,wells-joint,30,0.0,0,0.20167275102947255,0.0005830418430336689
P2-run2,POD-E,grid,10,0.0001,5000,0.34819755653827505,0.001153160612822826
P2-run2,POD-E,grid,10,0.001,5000,0.3319248397408721,0.0011140275105825056
P2-run2,POD-E,grid,10,0.01,280,0.25767508592091193,0.0018259623420228905
P2-run2,POD-E,grid,10,0.1,80,0.7081340051479267,0.003656838363156368
P2-run2,POD-E,grid,10,0.0,0,0.22298159150451213,0.0010402345290163805
P2-run2,POD-E,grid,30,0.0001,270,0.15267952599314027,0.0006964493249925919
P2-run2,POD-E,grid,30,0.001,270,0.13209137573822824,0.00070338952403972
P2-run2,POD-E,grid,30,0.01,160,0.1669604502616631,0.0011533667951964918
P2-run2,POD-E,grid,30,0.1,220,0.40925668593429104,0.0032541225556052874
P2-run2,POD-E,grid,30,0.0,0,0.15562054951260795,0.0006977250748452515
P2-run2,POD-E,grid,100,0.0001,120,0.10066892960351474,0.0006176994945439508
P2-run2,POD-E,grid,100,0.001,120,0.09512034163566833,0.0006167188194838817
P2-run2,POD-E,grid,100,0.01,110,0.09182853660961199,0.0006940679918224853
P2-run2,POD-E,grid,100,0.1,450,0.22065754901054432,0.0018298032301409435
P2-run2,POD-E,grid,100,0.0,0,0.10135085360981841,0.0006181010830315493
P2-run2,POD-E,wells-joint,5,0.0001,5000,0.5874437202060087,0.0007418238664087515
P2-run2,POD-E,wells-joint,5,0.001,5000,0.306932141853668,0.0007668671532386107
P2-run2,POD-E,wells-joint,5,0.01,70,0.3984349908262594,0.0019567780835138097
P2-run2,POD-E,wells-joint,5,0.1,640,0.7582897903271278,0.004315376098047917
P2-run2,POD-E,wells-joint,5,0.0,0,0.5052668225106555,0.0007854583349296494
P2-run2,POD-E,wells-joint,10,0.0001,5000,0.7723382348986942,0.0008942910323941987
P2-run2,POD-E,wells-joint,10,0.001,1200,0.27472751339982554,0.0006869926331529615
P2-run2,POD-E,wells-joint,10,0.01,230,0.290371414264284,0.0009242123723525416
P2-run2,POD-E,wells-joint,10,0.1,130,0.626058374388111,0.00311174185485297
P2-run2,POD-E,wells-joint,10,0.0,0,1.6478627043319443,0.0009875045625213998
P2-run2,POD-E,wells-joint,30,0.0001,400,0.18645009644657756,0.0005775188667857384
P2-run2,POD-E,wells-joint,30,0.001,400,0.13381498541520864,0.0005773228988481011
P2-run2,POD-E,wells-joint,30,0.01,230,0.17418172500637913,0.0008073811503853865
P2-run2,POD-E,wells-joint,30,0.1,250,0.37120010277064125,0.0023841899764977517
P2-run2,POD-E,wells-joint,30,0.0,0,0.20167275102951357,0.0005830418430337361
P2-run2,TBMD,grid,10,0.0001,5000,0.5237312372704274,0.006519837139199351
P2-run2,TBMD,grid,10,0.001,5000,0.4911716621986043,0.006224968446912153
P2-run2,TBMD,grid,10,0.01,230,0.475365927581078,0.00700267397834321
P2-run2,TBMD,grid,10,0.1,100,0.8641033563695097,0.007154730874381062
P2-run2,TBMD,grid,10,0.0,0,0.5448822117809139,0.00651386982792671
P2-run2,TBMD,grid,30,0.0001,550,0.39215134196636514,0.004563352125165998
P2-run2,TBMD,grid,30,0.001,510,0.3906679186131721,0.004568678034744089
P2-run2,TBMD,grid,30,0.01,350,0.4077966972193802,0.004639453135669861
P2-run2,TBMD,grid,30,0.1,1370,0.6121050826929504,0.005519744415797562
P2-run2,TBMD,grid,30,0.0,0,0.3926230570374664,0.004562766033832058
P2-run2,TBMD,grid,100,0.0001,180,0.38459100205804936,0.004584162252549191
P2-run2,TBMD,grid,100,0.001,180,0.3837522082511688,0.004581362413255369
P2-run2,TBMD,grid,100,0.01,140,0.3890020180852715,0.004633815523613749
P2-run2,TBMD,grid,100,0.1,510,0.459127733468857,0.004949045699123687
P2-run2,TBMD,grid,100,0.0,0,0.38471773903369194,0.004584647620283821
P2-run2,TBMD,wells-joint,5,0.0001,5000,0.588760384303343,0.004336214987003688
P2-run2,TBMD,wells-joint,5,0.001,4630,0.5620660690539262,0.004281181150912788
P2-run2,TBMD,wells-joint,5,0.01,140,0.5135264094680008,0.004615753364933907
P2-run2,TBMD,wells-joint,5,0.1,100,0.9557156681148878,0.005733329696263359
P2-run2,TBMD,wells-joint,5,0.0,0,0.6911495579153307,0.004297491889065965
P2-run2,TBMD,wells-joint,10,0.0001,5000,0.6385420361301508,0.004285807703408072
P2-run2,TBMD,wells-joint,10,0.001,5000,0.5634694154247849,0.004284683292307037
P2-run2,TBMD,wells-joint,10,0.01,600,0.5434833197501747,0.004304850300297779
P2-run2,TBMD,wells-joint,10,0.1,110,0.82535235127999,0.005283625919595719
P2-run2,TBMD,wells-joint,10,0.0,0,1.0251595933696127,0.004343261039744135
P2-run2,TBMD,wells-joint,30,0.0001,690,0.4346284789230044,0.004233130746670841
P2-run2,TBMD,wells-joint,30,0.001,610,0.4236029341538019,0.004209382280132062
P2-run2,TBMD,wells-joint,30,0.01,320,0.42047044168811926,0.004227583680225802
P2-run2,TBMD,wells-joint,30,0.1,260,0.5524146983690355,0.004854061633623508
P2-run2,TBMD,wells-joint,30,0.0,0,0.43640575091282224,0.004238586606813926
P2-run3,POD,grid,10,0.0001,5000,29.894409884490592,0.25649694604152634
P2-run3,POD,grid,10,0.001,5000,30.81133991281061,0.251963224374725
P2-run3,POD,grid,10,0.01,5000,31.988731334528257,0.26300058394169595
P2-run3,POD,grid,10,0.1,1020,30.71647517975588,0.26565364366206085
P2-run3,POD,grid,10,0.0,0,29.798012687746837,0.25708616193849476
P2-run3,POD,grid,30,0.0001,5000,0.4049719865603864,0.0006699927935532267
P2-run3,POD,grid,30,0.001,5000,0.6153000311597627,0.0013591632762418825
P2-run3,POD,grid,30,0.01,5000,1.993210139042004,0.014591479781156286
P2-run3,POD,grid,30,0.1,5000,15.935689097075253,0.13450153349709312
P2-run3,POD,grid,30,0.0,0,0.10086586320490287,0.0005910096932436935
P2-run3,POD,grid,100,0.0001,3660,0.060985925701738185,0.0005070147028932712
P2-run3,POD,grid,100,0.001,3570,0.1667441713099381,0.0006212458833962916
P2-run3,POD,grid,100,0.01,3210,0.8635332145371847,0.0035550957109298964
P2-run3,POD,grid,100,0.1,2430,4.370273130690697,0.03620498416439655
P2-run3,POD,grid,100,0.0,0,0.05602077292234169,0.000511701222780429
P2-run3,POD,wells-joint,5,0.0001,5000,29.997881159358197,0.011976838841712217
P2-run3,POD,wells-joint,5,0.001,5000,29.289775248112733,0.013152058228158988
P2-run3,POD,wells-joint,5,0.01,5000,25.350717202226193,0.05605621542555456
P2-run3,POD,wells-joint,5,0.1,1680,30.420568893716254,0.27309663312507904
P2-run3,POD,wells-joint,5,0.0,0,30.085260441660566,0.012931095008858827
P2-run3,POD,wells-joint,10,0.0001,5000,25.7132007186369,0.011610753056723232
P2-run3,POD,wells-joint,10,0.001,5000,23.68664087506511,0.010648632122117483
P2-run3,POD,wells-joint,10,0.01,5000,11.672762850042572,0.020291373093961406
P2-run3,POD,wells-joint,10,0.1,5000,18.168582091074477,0.14120961107944688
P2-run3,POD,wells-joint,10,0.0,0,0.6074627548280084,0.0005798523194305947
P2-run3,POD,wells-joint,30,0.0001,5000,2.910443590708925,0.002202020714876286
P2-run3,POD,wells-joint,30,0.001,5000,1.9320609097785268,0.0015713589542506907
P2-run3,POD,wells-joint,30,0.01,5000,1.0977890416295828,0.0049957444596240765
P2-run3,POD,wells-joint,30,0.1,3060,6.921692040246412,0.05380735183283763
P2-run3,POD,wells-joint,30,0.0,0,0.07842494750202082,0.0004881303412195833
P2-run3,POD-E,grid,10,0.0001,5000,0.3066723737040461,0.0006392921604359078
P2-run3,POD-E,grid,10,0.001,2150,0.28303470057745533,0.0006650419046629574
P2-run3,POD-E,grid,10,0.01,490,0.28804877657563044,0.0016421939495225599
P2-run3,POD-E,grid,10,0.1,810,0.6061171147274919,0.003397783487167388
P2-run3,POD-E,grid,10,0.0,0,0.19838054691410967,0.0007535900358004448
P2-run3,POD-E,grid,30,0.0001,310,0.09434556146137794,0.0005626753278282826
P2-run3,POD-E,grid,30,0.001,600,0.06819590049073172,0.0005577070370756435
P2-run3,POD-E,grid,30,0.01,160,0.1540744686627399,0.0011320533677080438
P2-run3,POD-E,grid,30,0.1,1730,0.4220243608517311,0.003199119294509693
P2-run3,POD-E,grid,30,0.0,0,0.10041739657442444,0.0005669074316604817
P2-run3,POD-E,grid,100,0.0001,120,0.05580881246097277,0.0005124730404589893
P2-run3,POD-E,grid,100,0.001,120,0.04969289006887252,0.0005057420124533439
P2-run3,POD-E,grid,100,0.01,110,0.08220744899118738,0.000624557311698059
P2-run3,POD-E,grid,100,0.1,4120,0.22772956861237453,0.0018662758928811574
P2-run3,POD-E,grid,100,0.0,0,0.05689707758336935,0.0005139063065709585
P2-run3,POD-E,wells-joint,5,0.0001,5000,0.23015375874422264,0.0005047074691427608
P2-run3,POD-E,wells-joint,5,0.001,2260,0.2579469728176866,0.0006155069511546527
P2-run3,POD-E,wells-joint,5,0.01,350,0.33922837676546846,0.00182109277778744
P2-run3,POD-E,wells-joint,5,0.1,650,0.7353356069330872,0.0035836332215622504
P2-run3,POD-E,wells-joint,5,0.0,0,0.25859270068342755,0.0004810558630897401
P2-run3,POD-E,wells-joint,10,0.0001,4670,0.28723462152113916,0.0007133510025660495
P2-run3,POD-E,wells-joint,10,0.001,2230,0.23020098389567736,0.000665906093319023
P2-run3,POD-E,wells-joint,10,0.01,280,0.27576526094660736,0.0008247009232002598
P2-run3,POD-E,wells-joint,10,0.1,1230,0.6071440853214747,0.00275292709383255
P2-run3,POD-E,wells-joint,10,0.0,0,0.3739795100331931,0.0007938386823192653
P2-run3,POD-E,wells-joint,30,0.0001,410,0.07346274693751975,0.0004805311345371353
P2-run3,POD-E,wells-joint,30,0.001,360,0.09695536061053307,0.00045844732537401176
P2-run3,POD-E,wells-joint,30,0.01,270,0.17775153050518985,0.0007338858800699848
P2-run3,POD-E,wells-joint,30,0.1,2280,0.34768195942612523,0.0024262445625511885
P2-run3,POD-E,wells-joint,30,0.0,0,0.07842494750200918,0.00048813034121959054
P2-run3,TBMD,grid,10,0.0001,5000,0.46734062918057157,0.006574513690495318
P2-run3,TBMD,grid,10,0.001,1380,0.4458162393686806,0.006593018413296595
P2-run3,TBMD,grid,10,0.01,340,0.43434257947400234,0.006597202088955764
P2-run3,TBMD,grid,10,0.1,860,0.7496040658876867,0.0060989206237078205
P2-run3,TBMD,grid,10,0.0,0,0.4673303006228378,0.0065833162556024685
P2-run3,TBMD,grid,30,0.0001,560,0.38850120706019864,0.004693449652095143
P2-run3,TBMD,grid,30,0.001,550,0.37987195744359387,0.004635345943162339
P2-run3,TBMD,grid,30,0.01,1020,0.387410443429364,0.0046029361985562185
P2-run3,TBMD,grid,30,0.1,1610,0.5795092275439353,0.005259231267988259
P2-run3,TBMD,grid,30,0.0,0,0.3898876734158998,0.0047014485510396995
P2-run3,TBMD,grid,100,0.0001,180,0.3464029743801685,0.004429334178440183
P2-run3,TBMD,grid,100,0.001,170,0.34550462085748246,0.0044257274566471706
P2-run3,TBMD,grid,100,0.01,110,0.3589541852897795,0.004437932316716202
P2-run3,TBMD,grid,100,0.1,3920,0.4303525766351002,0.004939587560609829
P2-run3,TBMD,grid,100,0.0,0,0.3466047678254955,0.0044293294394762775
P2-run3,TBMD,wells-joint,5,0.0001,5000,0.5071932150632488,0.004296134122786797
P2-run3,TBMD,wells-joint,5,0.001,2520,0.48974454350504226,0.0042367224631660125
P2-run3,TBMD,wells-joint,5,0.01,380,0.5191967721675852,0.004562540406832335
P2-run3,TBMD,wells-joint,5,0.1,750,0.8574041057516372,0.005225668207971322
P2-run3,TBMD,wells-joint,5,0.0,0,0.6234142743173908,0.004319225268815129
P2-run3,TBMD,wells-joint,10,0.0001,5000,0.6418757480216059,0.0042975009760920085
P2-run3,TBMD,wells-joint,10,0.001,3420,0.5128020668303624,0.0042472544079222435
P2-run3,TBMD,wells-joint,10,0.01,180,0.5309720947055593,0.004295108897597888
P2-run3,TBMD,wells-joint,10,0.1,1310,0.7396765079011849,0.0049480776587246976
P2-run3,TBMD,wells-joint,10,0.0,0,0.8257479392492014,0.004332722586032973
P2-run3,TBMD,wells-joint,30,0.0001,670,0.4144248928538108,0.0041999685196572965
P2-run3,TBMD,wells-joint,30,0.001,580,0.39136324907429987,0.004187528814016237
P2-run3,TBMD,wells-joint,30,0.01,1570,0.3981809881833491,0.004211521859567714
P2-run3,TBMD,wells-joint,30,0.1,2180,0.5199964523751535,0.0048711556717416305
P2-run3,TBMD,wells-joint,30,0.0,0,0.4207158014329958,0.004202478569135357
P2-run4,POD,grid,10,0.0001,5000,29.429174150410617,0.2581707885530809
P2-run4,POD,grid,10,0.001,5000,30.62352310738078,0.25279723136225235
P2-run4,POD,grid,10,0.01,5000,31.218798733276493,0.2534206922209944
P2-run4,POD,grid,10,0.1,1460,29.909087069506704,0.2658439932935991
P2-run4,POD,grid,10,0.0,0,29.300681739447235,0.25878622338448504
P2-run4,POD,grid,30,0.0001,5000,0.22807980618801332,0.0008079406089863122
P2-run4,POD,grid,30,0.001,5000,0.41609956662773423,0.002504425769825874
P2-run4,POD,grid,30,0.01,5000,1.8503918706677849,0.018983224461999678
P2-run4,POD,grid,30,0.1,5000,15.758831753000326,0.1393423436981479
P2-run4,POD,grid,30,0.0,0,0.10252148374817943,0.0007680627687669706
P2-run4,POD,grid,100,0.0001,3800,0.08183485819458168,0.000708224795459577
P2-run4,POD,grid,100,0.001,3760,0.12243724835360704,0.00084339097397515
P2-run4,POD,grid,100,0.01,3360,0.7230843894417692,0.006086210211424173
P2-run4,POD,grid,100,0.1,2600,4.25421950095573,0.041336211569705926
P2-run4,POD,grid,100,0.0,0,0.08671533183560647,0.0007108323424363758
P2-run4,POD,wells-joint,5,0.0001,5000,29.26521958754852,0.01706899879353864
P2-run4,POD,wells-joint,5,0.001,5000,28.54011860517948,0.017032163466091006
P2-run4,POD,wells-joint,5,0.01,5000,23.80910527521506,0.056936608868232166
P2-run4,POD,wells-joint,5,0.1,2610,29.653307245636594,0.27240077137579066
P2-run4,POD,wells-joint,5,0.0,0,29.354538211410386,0.017263776539003618
P2-run4,POD,wells-joint,10,0.0001,5000,25.84509679691272,0.009744286306509106
P2-run4,POD,wells-joint,10,0.001,5000,23.93360433975914,0.010255087857691017
P2-run4,POD,wells-joint,10,0.01,5000,12.332839509490759,0.02594018185610592
P2-run4,POD,wells-joint,10,0.1,5000,17.74318438203687,0.1414721842494618
P2-run4,POD,wells-joint,10,0.0,0,1.0953424363616153,0.0010918766871634885
P2-run4,POD,wells-joint,30,0.0001,5000,2.934529337834898,0.001942046740965745
P2-run4,POD,wells-joint,30,0.001,5000,1.9235343005679297,0.001521408217034647
P2-run4,POD,wells-joint,30,0.01,5000,0.8666264492393163,0.007516758906313287
P2-run4,POD,wells-joint,30,0.1,4090,6.519999947458143,0.05766922381830802
P2-run4,POD,wells-joint,30,0.0,0,0.19065892657081024,0.0008050182835235256
P2-run4,POD-E,grid,10,0.0001,5000,0.2863453473130534,0.0009354019779769524
P2-run4,POD-E,grid,10,0.001,5000,0.2949417767110341,0.0009305878207371984
P2-run4,POD-E,grid,10,0.01,670,0.33078842294103805,0.0016353748084848435
P2-run4,POD-E,grid,10,0.1,380,0.6101321946219469,0.004474633204369714
P2-run4,POD-E,grid,10,0.0,0,0.25502803605693025,0.0010183649797785867
P2-run4,POD-E,grid,30,0.0001,240,0.10112254099365298,0.0007770146677926995
P2-run4,POD-E,grid,30,0.001,220,0.1068684761079579,0.0007950139260363858
P2-run4,POD-E,grid,30,0.01,170,0.15091543611961933,0.0011043838920544492
P2-run4,POD-E,grid,30,0.1,220,0.41369211817239715,0.0029761689718240227
P2-run4,POD-E,grid,30,0.0,0,0.10071119544901685,0.0007776106364412111
P2-run4,POD-E,grid,100,0.0001,110,0.08675076737444608,0.0007138973293351532
P2-run4,POD-E,grid,100,0.001,100,0.08735536305977239,0.0007052917758299201
P2-run4,POD-E,grid,100,0.01,130,0.10688487833735992,0.0007245183031628804
P2-run4,POD-E,grid,100,0.1,2650,0.22628805684184247,0.0018205615035646332
P2-run4,POD-E,grid,100,0.0,0,0.08676124297735935,0.0007152252254578856
P2-run4,POD-E,wells-joint,5,0.0001,5000,0.40418225606644637,0.0007547043572033624
P2-run4,POD-E,wells-joint,5,0.001,2800,0.362182795106332,0.0008286109661652807
P2-run4,POD-E,wells-joint,5,0.01,60,0.31376877553893007,0.0019120789244392962
P2-run4,POD-E,wells-joint,5,0.1,630,0.6563401055629932,0.004289206533898049
P2-run4,POD-E,wells-joint,5,0.0,0,0.367219719355525,0.0007084275468985847
P2-run4,POD-E,wells-joint,10,0.0001,5000,0.4917680197807781,0.0007742554335179816
P2-run4,POD-E,wells-joint,10,0.001,2940,0.3706155362343596,0.0007251693945618855
P2-run4,POD-E,wells-joint,10,0.01,120,0.35655799466882915,0.0009029995332741701
P2-run4,POD-E,wells-joint,10,0.1,1290,0.5706773122524386,0.0028663843148222633
P2-run4,POD-E,wells-joint,10,0.0,0,0.48813168138897234,0.0008284078731323149
P2-run4,POD-E,wells-joint,30,0.0001,410,0.1801112818100545,0.0007952811969124086
P2-run4,POD-E,wells-joint,30,0.001,400,0.1368652598429151,0.0007439124740643386
P2-run4,POD-E,wells-joint,30,0.01,860,0.18493484338243407,0.000831653609992395
P2-run4,POD-E,wells-joint,30,0.1,270,0.3758410613066378,0.002338361103473624
P2-run4,POD-E,wells-joint,30,0.0,0,0.19065892657078418,0.0008050182835234894
P2-run4,TBMD,grid,10,0.0001,3120,0.5411514096759233,0.006516399831558999
P2-run4,TBMD,grid,10,0.001,890,0.5502094456424584,0.0064980094781654585
P2-run4,TBMD,grid,10,0.01,690,0.6008533921165,0.0066747069006385515
P2-run4,TBMD,grid,10,0.1,910,0.7750397351725983,0.008444881629065273
P2-run4,TBMD,grid,10,0.0,0,0.5417438863346391,0.006564811831829005
P2-run4,TBMD,grid,30,0.0001,620,0.40429198326657995,0.004738227087674897
P2-run4,TBMD,grid,30,0.001,600,0.38750893722799945,0.004674250634277439
P2-run4,TBMD,grid,30,0.01,150,0.39078124395940916,0.004620252416506898
P2-run4,TBMD,grid,30,0.1,310,0.5451297277176451,0.005312375034616509
P2-run4,TBMD,grid,30,0.0,0,0.4073112353522455,0.004746240559649964
P2-run4,TBMD,grid,100,0.0001,180,0.3458385872677263,0.004488015617659179
P2-run4,TBMD,grid,100,0.001,180,0.34421841024418354,0.004490729587901546
P2-run4,TBMD,grid,100,0.01,150,0.3501440215419531,0.004531109783021461
P2-run4,TBMD,grid,100,0.1,580,0.42047548372006976,0.005014112391323113
P2-run4,TBMD,grid,100,0.0,0,0.3460715201288916,0.004487754898832925
P2-run4,TBMD,wells-joint,5,0.0001,5000,0.5646807047440864,0.004346975490822215
P2-run4,TBMD,wells-joint,5,0.001,5000,0.572791193504289,0.004298703920607604
P2-run4,TBMD,wells-joint,5,0.01,300,0.6139880675904535,0.004613692860395142
P2-run4,TBMD,wells-joint,5,0.1,630,0.7662827310293941,0.006119194570377358
P2-run4,TBMD,wells-joint,5,0.0,0,0.6369426823847271,0.004391673884688161
P2-run4,TBMD,wells-joint,10,0.0001,5000,0.5571380776186133,0.004304365978965903
P2-run4,TBMD,wells-joint,10,0.001,3160,0.5713314504824398,0.004294822926843166
P2-run4,TBMD,wells-joint,10,0.01,290,0.5323308433996774,0.0043565636230451475
P2-run4,TBMD,wells-joint,10,0.1,1200,0.6438822622191543,0.005402457222929069
P2-run4,TBMD,wells-joint,10,0.0,0,0.764018447020766,0.004329214673886989
P2-run4,TBMD,wells-joint,30,0.0001,800,0.40960079406724587,0.004253406309481977
P2-run4,TBMD,wells-joint,30,0.001,730,0.39949704296923616,0.004217816179526718
P2-run4,TBMD,wells-joint,30,0.01,190,0.40800543540679773,0.004254506127705031
P2-run4,TBMD,wells-joint,30,0.1,260,0.5223641552038275,0.004827713983007106
P2-run4,TBMD,wells-joint,30,0.0,0,0.4119859170182348,0.004264206063823795
P2-run5,POD,grid,10,0.0001,5000,27.694095856064788,0.25896430879998983
P2-run5,POD,grid,10,0.001,5000,28.815270104995644,0.2572319944503397
P2-run5,POD,grid,10,0.01,5000,28.638167432622712,0.2674469691969584
P2-run5,POD,grid,10,0.1,1670,28.066834494949827,0.26597325510674075
P2-run5,POD,grid,10,0.0,0,27.56265830593794,0.25949372608360705
P2-run5,POD,grid,30,0.0001,5000,0.3493376198783842,0.0006156797817699936
P2-run5,POD,grid,30,0.001,5000,0.384160710177285,0.0036683853679022214
P2-run5,POD,grid,30,0.01,5000,1.6989258121919506,0.023871154661339756
P2-run5,POD,grid,30,0.1,5000,15.342144421285287,0.15373139931938468
P2-run5,POD,grid,30,0.0,0,0.10699464344327116,0.0006939743041720917
P2-run5,POD,grid,100,0.0001,4000,0.08067404776672507,0.0006269410051232174
P2-run5,POD,grid,100,0.001,3980,0.130045138137897,0.0008404200202803315
P2-run5,POD,grid,100,0.01,3620,0.5481331948006428,0.007635346585706485
P2-run5,POD,grid,100,0.1,2650,4.2230718531386,0.05661689827850417
P2-run5,POD,grid,100,0.0,0,0.07571980203955421,0.0006827977940550303
P2-run5,POD,wells-joint,5,0.0001,5000,27.359239326329636,0.013637521353422303
P2-run5,POD,wells-joint,5,0.001,5000,26.59451691814679,0.013021398149433852
P2-run5,POD,wells-joint,5,0.01,5000,21.82055518809026,0.051687107365427386
P2-run5,POD,wells-joint,5,0.1,5000,27.834042144504096,0.2721805250219
P2-run5,POD,wells-joint,5,0.0,0,27.452751183435748,0.015103842104191965
P2-run5,POD,wells-joint,10,0.0001,5000,22.778841594691222,0.011319598895638616
P2-run5,POD,wells-joint,10,0.001,5000,20.727782775694678,0.009586923782894424
P2-run5,POD,wells-joint,10,0.01,5000,8.863233644110991,0.02095544273013802
P2-run5,POD,wells-joint,10,0.1,5000,16.34983639127852,0.14992999387385678
P2-run5,POD,wells-joint,10,0.0,0,0.3288859538161509,0.0006266504541271215
P2-run5,POD,wells-joint,30,0.0001,5000,2.6736363013061406,0.0017317033052952416
P2-run5,POD,wells-joint,30,0.001,5000,1.7411900452186548,0.0013795178381667793
P2-run5,POD,wells-joint,30,0.01,5000,0.7173292680965039,0.008280537052186463
P2-run5,POD,wells-joint,30,0.1,3060,5.801166119946174,0.0668627842778345
P2-run5,POD,wells-joint,30,0.0,0,0.10930397368234797,0.0005292748989621177
P2-run5,POD-E,grid,10,0.0001,5000,0.30498023985039385,0.0007966108814875317
P2-run5,POD-E,grid,10,0.001,5000,0.28404046409324735,0.0008326313076798262
P2-run5,POD-E,grid,10,0.01,230,0.31710306958706846,0.002191585203586242
P2-run5,POD-E,grid,10,0.1,90,0.45192564240674826,0.00518810750585381
P2-run5,POD-E,grid,10,0.0,0,0.25050235735126075,0.0007389643267584647
P2-run5,POD-E,grid,30,0.0001,350,0.10994689935723208,0.0006443718042943718
P2-run5,POD-E,grid,30,0.001,340,0.122212656371828,0.0006070472977217329
P2-run5,POD-E,grid,30,0.01,150,0.14878744280157521,0.0011839078942996585
P2-run5,POD-E,grid,30,0.1,210,0.32459021490474405,0.004351356973822589
P2-run5,POD-E,grid,30,0.0,0,0.1081362187824686,0.0006502604795116434
P2-run5,POD-E,grid,100,0.0001,130,0.07621846206146486,0.0006843277860538655
P2-run5,POD-E,grid,100,0.001,210,0.08070399725722364,0.0006648561863268463
P2-run5,POD-E,grid,100,0.01,360,0.11672599582136535,0.0006297920462791926
P2-run5,POD-E,grid,100,0.1,620,0.21030722952019307,0.002426077849876524
P2-run5,POD-E,grid,100,0.0,0,0.07571430222905937,0.0006871767957529121
P2-run5,POD-E,wells-joint,5,0.0001,5000,0.30931236836943865,0.000576722055001219
P2-run5,POD-E,wells-joint,5,0.001,3210,0.28585136112798226,0.00064401767455837
P2-run5,POD-E,wells-joint,5,0.01,70,0.2928362216148265,0.002183736477698338
P2-run5,POD-E,wells-joint,5,0.1,100,0.43277455479944105,0.0048430405909010675
P2-run5,POD-E,wells-joint,5,0.0,0,0.3972162385403347,0.0006402610706848813
P2-run5,POD-E,wells-joint,10,0.0001,5000,0.39789563802888955,0.00046593309799970517
P2-run5,POD-E,wells-joint,10,0.001,2770,0.2864539692245105,0.00047523391026397887
P2-run5,POD-E,wells-joint,10,0.01,230,0.28082473755103177,0.0010344934854242351
P2-run5,POD-E,wells-joint,10,0.1,130,0.33528353610539735,0.003696119901711264
P2-run5,POD-E,wells-joint,10,0.0,0,0.3542469993572658,0.0004826965452187969
P2-run5,POD-E,wells-joint,30,0.0001,350,0.1066692353510886,0.000525903375133544
P2-run5,POD-E,wells-joint,30,0.001,320,0.10021240515076836,0.0005399124232937443
P2-run5,POD-E,wells-joint,30,0.01,190,0.16125780262226358,0.0006952941737673281
P2-run5,POD-E,wells-joint,30,0.1,270,0.26718222639840783,0.0028487280403169998
P2-run5,POD-E,wells-joint,30,0.0,0,0.10930397368227815,0.0005292748989621488
P2-run5,TBMD,grid,10,0.0001,5000,0.5442109070160739,0.0066986577866720645
P2-run5,TBMD,grid,10,0.001,5000,0.5252297597485537,0.0067821182730802955
P2-run5,TBMD,grid,10,0.01,160,0.5134728515554299,0.007560888760681592
P2-run5,TBMD,grid,10,0.1,90,0.6014975246484866,0.009788873357298543
P2-run5,TBMD,grid,10,0.0,0,0.5494298415072794,0.006520795982339149
P2-run5,TBMD,grid,30,0.0001,570,0.38621074961065843,0.004604667489751983
P2-run5,TBMD,grid,30,0.001,560,0.38695103451028456,0.004565678125721035
P2-run5,TBMD,grid,30,0.01,370,0.460602668990027,0.004623266067086284
P2-run5,TBMD,grid,30,0.1,210,0.5022463596146689,0.0064767224954448135
P2-run5,TBMD,grid,30,0.0,0,0.38658501044472005,0.004611140442406489
P2-run5,TBMD,grid,100,0.0001,180,0.3701795308259828,0.0045201091294291736
P2-run5,TBMD,grid,100,0.001,250,0.3693509541140469,0.004520848463422624
P2-run5,TBMD,grid,100,0.01,310,0.3781727072409494,0.004574809078356071
P2-run5,TBMD,grid,100,0.1,490,0.4647364990983321,0.005716361222445798
P2-run5,TBMD,grid,100,0.0,0,0.3703985198052594,0.004520195041024672
P2-run5,TBMD,wells-joint,5,0.0001,5000,0.6087713450277276,0.004361064434678232
P2-run5,TBMD,wells-joint,5,0.001,5000,0.8716766738258557,0.004262438724744235
P2-run5,TBMD,wells-joint,5,0.01,40,0.6983520187497946,0.004814953704773552
P2-run5,TBMD,wells-joint,5,0.1,670,0.5868664418660351,0.006561808823236025
P2-run5,TBMD,wells-joint,5,0.0,0,0.5906865170666682,0.004363005686848966
P2-run5,TBMD,wells-joint,10,0.0001,5000,0.727722898094138,0.0045600737863748944
P2-run5,TBMD,wells-joint,10,0.001,4000,0.7888746827504219,0.004305058198584555
P2-run5,TBMD,wells-joint,10,0.01,210,0.7749485255099684,0.00438011374151005
P2-run5,TBMD,wells-joint,10,0.1,160,0.5511426658999483,0.005775131317902627
P2-run5,TBMD,wells-joint,10,0.0,0,0.8308643085230243,0.004702205293370441
P2-run5,TBMD,wells-joint,30,0.0001,650,0.42933778052113936,0.004234393528804874
P2-run5,TBMD,wells-joint,30,0.001,630,0.4344123976285585,0.00423380172872326
P2-run5,TBMD,wells-joint,30,0.01,260,0.43791594487278324,0.004236992781562018
P2-run5,TBMD,wells-joint,30,0.1,260,0.4579083400829593,0.005176255829067292
P2-run5,TBMD,wells-joint,30,0.0,0,0.42665301059382427,0.004237167884579915
P2-run6,POD,grid,10,0.0001,5000,29.960418579269696,0.26038077115158254
P2-run6,POD,grid,10,0.001,5000,31.02465772334689,0.257851015779818
P2-run6,POD,grid,10,0.01,5000,31.896292689212004,0.2509667650707913
P2-run6,POD,grid,10,0.1,2690,30.546274650089845,0.2676326620805263
P2-run6,POD,grid,10,0.0,0,29.841802176688272,0.2606954147452902
P2-run6,POD,grid,30,0.0001,5000,0.2419699624560063,0.0010240609464011129
P2-run6,POD,grid,30,0.001,5000,0.5439766592243309,0.00162147010774351
P2-run6,POD,grid,30,0.01,5000,1.9237394776780217,0.013652462493137436
P2-run6,POD,grid,30,0.1,5000,15.241303472923077,0.1309237131778511
P2-run6,POD,grid,30,0.0,0,0.1442487008349468,0.0009190614182173455
P2-run6,POD,grid,100,0.0001,3780,0.08637456589129576,0.0007557004747352557
P2-run6,POD,grid,100,0.001,3750,0.19329740024935943,0.0009786366544047977
P2-run6,POD,grid,100,0.01,3380,0.809433711003425,0.003271201898727889
P2-run6,POD,grid,100,0.1,2440,4.301570120096522,0.035858282230313815
P2-run6,POD,grid,100,0.0,0,0.09638642555830791,0.0007443392608992294
P2-run6,POD,wells-joint,5,0.0001,5000,29.845651725618296,0.008375287896591914
P2-run6,POD,wells-joint,5,0.001,5000,28.929678687429394,0.011848542840771165
P2-run6,POD,wells-joint,5,0.01,5000,21.965497857846515,0.0572659557179947
P2-run6,POD,wells-joint,5,0.1,5000,30.38566680169347,0.27142027222278353
P2-run6,POD,wells-joint,5,0.0,0,29.956319004600932,0.00915283149624674
P2-run6,POD,wells-joint,10,0.0001,5000,26.91169554359831,0.008260575058843143
P2-run6,POD,wells-joint,10,0.001,5000,25.14503876049472,0.007991837189987656
P2-run6,POD,wells-joint,10,0.01,5000,11.441209957670033,0.02380093976681725
P2-run6,POD,wells-joint,10,0.1,5000,20.320720701609506,0.14456702009603373
P2-run6,POD,wells-joint,10,0.0,0,1.2555026787538948,0.0008501521623198202
P2-run6,POD,wells-joint,30,0.0001,5000,2.613937562567277,0.002083350617904402
P2-run6,POD,wells-joint,30,0.001,5000,1.7068364937692453,0.0015198905058451664
P2-run6,POD,wells-joint,30,0.01,5000,1.1190517666319055,0.004373505967133733
P2-run6,POD,wells-joint,30,0.1,3890,6.8945895211089985,0.05409277962263517
P2-run6,POD,wells-joint,30,0.0,0,0.1947273018664611,0.0006761395083202977
P2-run6,POD-E,grid,10,0.0001,5000,0.33427920627319574,0.0018646573914463842
P2-run6,POD-E,grid,10,0.001,5000,0.3315956197105433,0.001751337730213685
P2-run6,POD-E,grid,10,0.01,660,0.38640443805703756,0.0017190244928124534
P2-run6,POD-E,grid,10,0.1,890,0.6291083515536656,0.0034135172772761626
P2-run6,POD-E,grid,10,0.0,0,0.2511388355427821,0.0015235890411759057
P2-run6,POD-E,grid,30,0.0001,280,0.130072383717898,0.0007976440960243727
P2-run6,POD-E,grid,30,0.001,280,0.1040575618103646,0.000836224457595813
P2-run6,POD-E,grid,30,0.01,230,0.2234873518304065,0.0014145335554785789
P2-run6,POD-E,grid,30,0.1,2120,0.466080962701628,0.003210004213603005
P2-run6,POD-E,grid,30,0.0,0,0.13376607542618107,0.0007946620427717782
P2-run6,POD-E,grid,100,0.0001,130,0.09558748636631871,0.0007352899334692778
P2-run6,POD-E,grid,100,0.001,130,0.08940022371189338,0.0007325057084578652
P2-run6,POD-E,grid,100,0.01,100,0.1101818882064566,0.0008332660989267499
P2-run6,POD-E,grid,100,0.1,2080,0.3157314136255306,0.0014776616257214394
P2-run6,POD-E,grid,100,0.0,0,0.09637812088554266,0.00073576786723577
P2-run6,POD-E,wells-joint,5,0.0001,5000,0.5096867168272408,0.0010956401192630948
P2-run6,POD-E,wells-joint,5,0.001,2000,0.4715140131928788,0.0008891534316109019
P2-run6,POD-E,wells-joint,5,0.01,430,0.5570129957305968,0.0017424831335406037
P2-run6,POD-E,wells-joint,5,0.1,640,0.7869468634264434,0.0036268074829562146
P2-run6,POD-E,wells-joint,5,0.0,0,0.4145644644518069,0.000817324141117825
P2-run6,POD-E,wells-joint,10,0.0001,5000,0.4618761448162074,0.0010366839235000094
P2-run6,POD-E,wells-joint,10,0.001,1640,0.38278576424486055,0.0009358526805771683
P2-run6,POD-E,wells-joint,10,0.01,420,0.43361276271327,0.0010372763144159214
P2-run6,POD-E,wells-joint,10,0.1,1350,0.7090972708082277,0.0026736948108089186
P2-run6,POD-E,wells-joint,10,0.0,0,0.7068435623909359,0.0011230134183373883
P2-run6,POD-E,wells-joint,30,0.0001,380,0.18691431346410925,0.0006779594172519896
P2-run6,POD-E,wells-joint,30,0.001,370,0.13864478784637446,0.0006985822416759009
P2-run6,POD-E,wells-joint,30,0.01,170,0.21861153943790915,0.0008960630099391504
P2-run6,POD-E,wells-joint,30,0.1,1970,0.3804319326337598,0.002189320602320789
P2-run6,POD-E,wells-joint,30,0.0,0,0.1947273018664779,0.0006761395083202334
P2-run6,TBMD,grid,10,0.0001,5000,0.5364133863792475,0.006904897631914985
P2-run6,TBMD,grid,10,0.001,5000,0.5378611653442602,0.006846821049820694
P2-run6,TBMD,grid,10,0.01,510,0.6275612030161389,0.007068952324950702
P2-run6,TBMD,grid,10,0.1,850,0.8159484676976662,0.006773852266582582
P2-run6,TBMD,grid,10,0.0,0,0.5401182963145201,0.006908809684283109
P2-run6,TBMD,grid,30,0.0001,520,0.424344193347327,0.0046632955301742695
P2-run6,TBMD,grid,30,0.001,510,0.4063830426224326,0.0046032349182638255
P2-run6,TBMD,grid,30,0.01,150,0.4326520036954152,0.004472772972909731
P2-run6,TBMD,grid,30,0.1,2100,0.6481527234840282,0.005128393391202636
P2-run6,TBMD,grid,30,0.0,0,0.42740211635027653,0.004671030548601073
P2-run6,TBMD,grid,100,0.0001,200,0.3501860597789169,0.004638741827437743
P2-run6,TBMD,grid,100,0.001,200,0.34517255645912354,0.004623697916484721
P2-run6,TBMD,grid,100,0.01,260,0.3470655881049775,0.004618227670066862
P2-run6,TBMD,grid,100,0.1,3870,0.4973637126258895,0.004744900365652551
P2-run6,TBMD,grid,100,0.0,0,0.35089663250197556,0.004640598595886571
P2-run6,TBMD,wells-joint,5,0.0001,5000,1.0645849213859881,0.004583119455818325
P2-run6,TBMD,wells-joint,5,0.001,1630,1.1791996643531575,0.004432704168857788
P2-run6,TBMD,wells-joint,5,0.01,490,0.9874511282597246,0.004606142421357426
P2-run6,TBMD,wells-joint,5,0.1,750,0.8946636583762593,0.005635532305680716
P2-run6,TBMD,wells-joint,5,0.0,0,0.9147119916798,0.004694434765188217
P2-run6,TBMD,wells-joint,10,0.0001,5000,1.2513969458457095,0.004570572145870375
P2-run6,TBMD,wells-joint,10,0.001,4820,0.7607240999728658,0.004466558951282018
P2-run6,TBMD,wells-joint,10,0.01,310,0.8005698948742334,0.004296769659709554
P2-run6,TBMD,wells-joint,10,0.1,1330,0.9251106706691586,0.004987764391514043
P2-run6,TBMD,wells-joint,10,0.0,0,1.5960589837716854,0.004595215136716797
P2-run6,TBMD,wells-joint,30,0.0001,710,0.3873511522527576,0.004248446893452537
P2-run6,TBMD,wells-joint,30,0.001,660,0.38478314876968595,0.004236690982376999
P2-run6,TBMD,wells-joint,30,0.01,230,0.4206512209881299,0.00426865588470181
P2-run6,TBMD,wells-joint,30,0.1,2180,0.5399629730436771,0.004722280422425965
P2-run6,TBMD,wells-joint,30,0.0,0,0.3915470425100964,0.004252609662687266
P2-run7,POD,grid,10,0.0001,5000,29.427630066175126,0.2559367771622527
P2-run7,POD,grid,10,0.001,5000,30.439229909189862,0.2519175225701359
P2-run7,POD,grid,10,0.01,5000,30.724259916035614,0.26966575781823376
P2-run7,POD,grid,10,0.1,1700,30.016225658479918,0.2657937614867973
P2-run7,POD,grid,10,0.0,0,29.317961241006714,0.2564048171635856
P2-run7,POD,grid,30,0.0001,5000,0.3607234005655034,0.0011441272496124164
P2-run7,POD,grid,30,0.001,5000,0.5408769349863616,0.0025865954526559107
P2-run7,POD,grid,30,0.01,5000,1.8845079989453966,0.018193178028189073
P2-run7,POD,grid,30,0.1,5000,15.732540079064364,0.139720989998025
P2-run7,POD,grid,30,0.0,0,0.1290813852471458,0.0010256298545183065
P2-run7,POD,grid,100,0.0001,3720,0.09847390559883415,0.0009018292558188287
P2-run7,POD,grid,100,0.001,3660,0.14133644422043976,0.0011600396101901305
P2-run7,POD,grid,100,0.01,3170,0.7970269706748984,0.005087088099622617
P2-run7,POD,grid,100,0.1,2520,4.196665038557907,0.04039504761395074
P2-run7,POD,grid,100,0.0,0,0.10321352972287995,0.000887079476053765
P2-run7,POD,wells-joint,5,0.0001,5000,29.320674011940383,0.026406741328504277
P2-run7,POD,wells-joint,5,0.001,5000,28.468842527001616,0.027617527245445216
P2-run7,POD,wells-joint,5,0.01,5000,23.396370126130524,0.07340676492802696
P2-run7,POD,wells-joint,5,0.1,1980,29.704377364305817,0.2769671148011348
P2-run7,POD,wells-joint,5,0.0,0,29.424537400258323,0.025254825763141503
P2-run7,POD,wells-joint,10,0.0001,5000,23.552223145299404,0.012059508560008226
P2-run7,POD,wells-joint,10,0.001,5000,21.713972017707004,0.011372557917551025
P2-run7,POD,wells-joint,10,0.01,5000,8.367114179033244,0.02341412578638507
P2-run7,POD,wells-joint,10,0.1,5000,16.399127393421065,0.14090070874779684
P2-run7,POD,wells-joint,10,0.0,0,0.6678137920867111,0.0008429194035617446
P2-run7,POD,wells-joint,30,0.0001,5000,2.512342147514272,0.00186804501672869
P2-run7,POD,wells-joint,30,0.001,5000,1.5829746431829075,0.0015594587364262565
P2-run7,POD,wells-joint,30,0.01,5000,0.9669002265470933,0.006867412956088312
P2-run7,POD,wells-joint,30,0.1,3040,6.537339236845295,0.05726459637595318
P2-run7,POD,wells-joint,30,0.0,0,0.22647849486980245,0.0007888735101101962
P2-run7,POD-E,grid,10,0.0001,5000,0.3127386318161091,0.0010555362826365113
P2-run7,POD-E,grid,10,0.001,3670,0.29255086833521854,0.0011373686125477802
P2-run7,POD-E,grid,10,0.01,210,0.28467238296504493,0.0022638566961596784
P2-run7,POD-E,grid,10,0.1,90,0.5560270772207072,0.0038429556241893112
P2-run7,POD-E,grid,10,0.0,0,0.24215524545177444,0.0010644205209712873
P2-run7,POD-E,grid,30,0.0001,340,0.10784216754104348,0.0009389459723089359
P2-run7,POD-E,grid,30,0.001,340,0.09261657554584528,0.0008874241888096637
P2-run7,POD-E,grid,30,0.01,170,0.19914583121126417,0.0014363814342515152
P2-run7,POD-E,grid,30,0.1,210,0.4235744935004802,0.004100944765690508
P2-run7,POD-E,grid,30,0.0,0,0.11277601373759857,0.0009496528212596856
P2-run7,POD-E,grid,100,0.0001,140,0.10186316778205488,0.000882389396029263
P2-run7,POD-E,grid,100,0.001,140,0.09252464201898054,0.0008587012058763643
P2-run7,POD-E,grid,100,0.01,110,0.11643089871125649,0.000883829897115466
P2-run7,POD-E,grid,100,0.1,600,0.24203678154058353,0.0024518039426245273
P2-run7,POD-E,grid,100,0.0,0,0.10321598899289441,0.0008855163281428773
P2-run7,POD-E,wells-joint,5,0.0001,5000,0.43226277660196244,0.0009028831395189937
P2-run7,POD-E,wells-joint,5,0.001,5000,0.30791792932645784,0.0009359148420931676
P2-run7,POD-E,wells-joint,5,0.01,260,0.49165963148837233,0.0023072705609786036
P2-run7,POD-E,wells-joint,5,0.1,220,0.725612841144092,0.004759474859930305
P2-run7,POD-E,wells-joint,5,0.0,0,0.5149180885848935,0.0008931499709378746
P2-run7,POD-E,wells-joint,10,0.0001,5000,0.3539201569658936,0.0007497321328270543
P2-run7,POD-E,wells-joint,10,0.001,2560,0.28674418438204324,0.0007789928980135229
P2-run7,POD-E,wells-joint,10,0.01,150,0.24617812237498868,0.0011252440518835748
P2-run7,POD-E,wells-joint,10,0.1,130,0.5230913819356019,0.0035326904858867052
P2-run7,POD-E,wells-joint,10,0.0,0,0.7924714166620882,0.0008478634949934759
P2-run7,POD-E,wells-joint,30,0.0001,420,0.20753352475326048,0.000786709047561962
P2-run7,POD-E,wells-joint,30,0.001,410,0.12249663973979759,0.0007908001777430544
P2-run7,POD-E,wells-joint,30,0.01,170,0.17172677342008685,0.0009359142639740276
P2-run7,POD-E,wells-joint,30,0.1,270,0.28967682596163813,0.002859208576904668
P2-run7,POD-E,wells-joint,30,0.0,0,0.22647849486979388,0.0007888735101102535
P2-run7,TBMD,grid,10,0.0001,5000,0.5767002113991944,0.006665638907584557
P2-run7,TBMD,grid,10,0.001,1060,0.6122310289529889,0.006512989841848811
P2-run7,TBMD,grid,10,0.01,340,0.7608524225212616,0.005953021470243269
P2-run7,TBMD,grid,10,0.1,110,0.8547437713108083,0.007010022656846194
P2-run7,TBMD,grid,10,0.0,0,0.5325768302952872,0.00637679812874184
P2-run7,TBMD,grid,30,0.0001,620,0.4304113043812812,0.0046330261949449544
P2-run7,TBMD,grid,30,0.001,600,0.4290562145513698,0.004622607631607104
P2-run7,TBMD,grid,30,0.01,320,0.47238952846236454,0.004704773871838504
P2-run7,TBMD,grid,30,0.1,220,0.6023467540046061,0.005882018543876888
P2-run7,TBMD,grid,30,0.0,0,0.43071422717423813,0.004634576050009093
P2-run7,TBMD,grid,100,0.0001,200,0.3369460680810065,0.004670721271924315
P2-run7,TBMD,grid,100,0.001,190,0.3363410147376485,0.004673779551720331
P2-run7,TBMD,grid,100,0.01,270,0.3482350002082574,0.004708938392338471
P2-run7,TBMD,grid,100,0.1,530,0.45226716538725287,0.005490544836966682
P2-run7,TBMD,grid,100,0.0,0,0.33704164530967823,0.004670403179744986
P2-run7,TBMD,wells-joint,5,0.0001,5000,0.6483102706908056,0.004374722889289556
P2-run7,TBMD,wells-joint,5,0.001,5000,0.6197258515009878,0.00433138941774514
P2-run7,TBMD,wells-joint,5,0.01,530,0.9344073661721785,0.004775111186985101
P2-run7,TBMD,wells-joint,5,0.1,80,0.926810403662198,0.006172502281590412
P2-run7,TBMD,wells-joint,5,0.0,0,0.6116352697406324,0.004399071419361965
P2-run7,TBMD,wells-joint,10,0.0001,5000,0.6996211398280275,0.004391991089406023
P2-run7,TBMD,wells-joint,10,0.001,5000,0.5411316034511381,0.0043293228069004016
P2-run7,TBMD,wells-joint,10,0.01,530,0.6957902462613161,0.004385418847364001
P2-run7,TBMD,wells-joint,10,0.1,1160,0.7505943256012962,0.005421609991489086
P2-run7,TBMD,wells-joint,10,0.0,0,1.1995978075053557,0.0044345722605161194
P2-run7,TBMD,wells-joint,30,0.0001,710,0.35479001875785743,0.004245514921602534
P2-run7,TBMD,wells-joint,30,0.001,670,0.35807567522515527,0.004236565438684487
P2-run7,TBMD,wells-joint,30,0.01,220,0.39510802595636735,0.004255035584192223
P2-run7,TBMD,wells-joint,30,0.1,260,0.4693757841329903,0.00509557017308603
P2-run7,TBMD,wells-joint,30,0.0,0,0.35521916576738194,0.004247994905698882
P2-run8,POD,grid,10,0.0001,5000,27.074865952512535,0.2611466999952371
P2-run8,POD,grid,10,0.001,5000,27.91492540841429,0.2677597108736866
P2-run8,POD,grid,10,0.01,5000,28.010239161977765,0.2664650189331317
P2-run8,POD,grid,10,0.1,2040,27.397147069148474,0.2674811695184914
P2-run8,POD,grid,10,0.0,0,26.977430303869035,0.26073001601469187
P2-run8,POD,grid,30,0.0001,5000,0.27785387401334494,0.0006865282946532374
P2-run8,POD,grid,30,0.001,5000,0.5144262110778163,0.0018676607808383327
P2-run8,POD,grid,30,0.01,5000,2.278343245147681,0.01927429665388489
P2-run8,POD,grid,30,0.1,5000,15.512887689217475,0.15877845677932437
P2-run8,POD,grid,30,0.0,0,0.07889324393879683,0.000715644166626809
P2-run8,POD,grid,100,0.0001,3710,0.06473008843259079,0.0006062234999043209
P2-run8,POD,grid,100,0.001,3700,0.11340383054031569,0.0006409573832883921
P2-run8,POD,grid,100,0.01,3390,0.7695120210780072,0.0044042982693972025
P2-run8,POD,grid,100,0.1,2390,4.538818835894421,0.052116182209623885
P2-run8,POD,grid,100,0.0,0,0.06875407822631406,0.0006230047803770221
P2-run8,POD,wells-joint,5,0.0001,5000,26.842525080121444,0.0109756498533358
P2-run8,POD,wells-joint,5,0.001,5000,26.088599994583905,0.012854307177890751
P2-run8,POD,wells-joint,5,0.01,5000,21.21625569909821,0.05301136440912049
P2-run8,POD,wells-joint,5,0.1,5000,27.228006570917344,0.27232346822668935
P2-run8,POD,wells-joint,5,0.0,0,26.930228837344693,0.0113293141539675
P2-run8,POD,wells-joint,10,0.0001,5000,22.53587220860008,0.012864060645997778
P2-run8,POD,wells-joint,10,0.001,5000,20.21601272785438,0.01098136339478668
P2-run8,POD,wells-joint,10,0.01,5000,5.209285744077017,0.019890219268369494
P2-run8,POD,wells-joint,10,0.1,5000,15.193433729665426,0.1500770341088081
P2-run8,POD,wells-joint,10,0.0,0,0.3907452486073916,0.0006460519452824472
P2-run8,POD,wells-joint,30,0.0001,5000,2.366615642005802,0.0014288944432735429
P2-run8,POD,wells-joint,30,0.001,5000,1.618336210792077,0.0011853191921650562
P2-run8,POD,wells-joint,30,0.01,5000,1.1602283496046228,0.005857307951577483
P2-run8,POD,wells-joint,30,0.1,3190,6.024129153325477,0.06659914542555964
P2-run8,POD,wells-joint,30,0.0,0,0.12340015632275113,0.0008549021672931312
P2-run8,POD-E,grid,10,0.0001,5000,0.27352917243004016,0.0011471800443689645
P2-run8,POD-E,grid,10,0.001,5000,0.2845972181909763,0.0011550274319710552
P2-run8,POD-E,grid,10,0.01,290,0.2562152091675356,0.0021840715090972124
P2-run8,POD-E,grid,10,0.1,80,0.651346756548353,0.004369898151181156
P2-run8,POD-E,grid,10,0.0,0,0.2677085215264695,0.0009613297360765966
P2-run8,POD-E,grid,30,0.0001,240,0.07810737166111768,0.0006883823209126657
P2-run8,POD-E,grid,30,0.001,230,0.07468980815656528,0.0007550680958669663
P2-run8,POD-E,grid,30,0.01,160,0.18907014551408358,0.0013819366200233686
P2-run8,POD-E,grid,30,0.1,200,0.2949233236366216,0.00390385862143703
P2-run8,POD-E,grid,30,0.0,0,0.07912533738301501,0.0006831482087787344
P2-run8,POD-E,grid,100,0.0001,120,0.06883939338940782,0.0006200189573989933
P2-run8,POD-E,grid,100,0.001,110,0.07027840426962904,0.0006308826366277494
P2-run8,POD-E,grid,100,0.01,100,0.10915515815835551,0.0007881349905770557
P2-run8,POD-E,grid,100,0.1,480,0.2359669361695558,0.0022940004390476242
P2-run8,POD-E,grid,100,0.0,0,0.06876375371507606,0.0006189724788753942
P2-run8,POD-E,wells-joint,5,0.0001,5000,0.5629689343155669,0.0006618458732368194
P2-run8,POD-E,wells-joint,5,0.001,2120,0.6184597435042999,0.0008203386598344104
P2-run8,POD-E,wells-joint,5,0.01,80,0.38051660290553685,0.0019367343981210425
P2-run8,POD-E,wells-joint,5,0.1,80,0.7717361544678373,0.004015387859412127
P2-run8,POD-E,wells-joint,5,0.0,0,0.4916503558852989,0.0006550512379518173
P2-run8,POD-E,wells-joint,10,0.0001,4610,0.40609875332835943,0.0006704276874910599
P2-run8,POD-E,wells-joint,10,0.001,3560,0.4332078634224998,0.0007259023905032449
P2-run8,POD-E,wells-joint,10,0.01,240,0.41621171875365365,0.0010623781052259054
P2-run8,POD-E,wells-joint,10,0.1,120,0.48137163559416374,0.0028671843718564736
P2-run8,POD-E,wells-joint,10,0.0,0,0.5197768038010183,0.000717471872689961
P2-run8,POD-E,wells-joint,30,0.0001,340,0.11882581899749693,0.0008458009009912943
P2-run8,POD-E,wells-joint,30,0.001,310,0.09790574281040734,0.0008019016415913347
P2-run8,POD-E,wells-joint,30,0.01,130,0.17467064459557627,0.0008451860219396496
P2-run8,POD-E,wells-joint,30,0.1,230,0.32145123070884,0.0026255145806506016
P2-run8,POD-E,wells-joint,30,0.0,0,0.12340015632279526,0.0008549021672930231
P2-run8,TBMD,grid,10,0.0001,5000,0.6200082387590105,0.006131306489427151
P2-run8,TBMD,grid,10,0.001,5000,0.6311406904170181,0.006054381837347034
P2-run8,TBMD,grid,10,0.01,150,0.7184918510299896,0.005809912001240267
P2-run8,TBMD,grid,10,0.1,90,1.0405176327186922,0.006346478233961371
P2-run8,TBMD,grid,10,0.0,0,0.6177316420605325,0.006176297693665798
P2-run8,TBMD,grid,30,0.0001,530,0.4801302487660628,0.004602979866120251
P2-run8,TBMD,grid,30,0.001,490,0.4673803080215813,0.004619931071833816
P2-run8,TBMD,grid,30,0.01,210,0.48536083956557113,0.00471931241925957
P2-run8,TBMD,grid,30,0.1,210,0.6396691087039891,0.005746205724109962
P2-run8,TBMD,grid,30,0.0,0,0.483113174088972,0.004602177537471032
P2-run8,TBMD,grid,100,0.0001,190,0.4278684894797323,0.004625888529654809
P2-run8,TBMD,grid,100,0.001,180,0.42724927627307724,0.004620029086738829
P2-run8,TBMD,grid,100,0.01,120,0.43238145509317477,0.004582529877045111
P2-run8,TBMD,grid,100,0.1,510,0.46710766717737273,0.0052269153461100394
P2-run8,TBMD,grid,100,0.0,0,0.42798628471818,0.004626537473641496
P2-run8,TBMD,wells-joint,5,0.0001,5000,0.7397354974753462,0.004334867048137239
P2-run8,TBMD,wells-joint,5,0.001,2500,0.6366817994794829,0.0042920401824944245
P2-run8,TBMD,wells-joint,5,0.01,110,0.5922991958705666,0.004690760538239163
P2-run8,TBMD,wells-joint,5,0.1,80,1.104170128064067,0.005646699991896378
P2-run8,TBMD,wells-joint,5,0.0,0,1.1426790305126238,0.004366223842985717
P2-run8,TBMD,wells-joint,10,0.0001,5000,1.162366987492364,0.004383413431524824
P2-run8,TBMD,wells-joint,10,0.001,2260,0.5849377343789642,0.004300425031149658
P2-run8,TBMD,wells-joint,10,0.01,260,0.509342747004419,0.004349286964889645
P2-run8,TBMD,wells-joint,10,0.1,1140,0.7512254070768788,0.0050446483003270155
P2-run8,TBMD,wells-joint,10,0.0,0,1.6545337887058584,0.004680420917525332
P2-run8,TBMD,wells-joint,30,0.0001,600,0.44303885548913663,0.004204543958290646
P2-run8,TBMD,wells-joint,30,0.001,560,0.4419427390147633,0.004213221214665218
P2-run8,TBMD,wells-joint,30,0.01,110,0.4548749569858965,0.004263758684112462
P2-run8,TBMD,wells-joint,30,0.1,240,0.5386810103470894,0.005057096758957246
P2-run8,TBMD,wells-joint,30,0.0,0,0.44369724374901126,0.004205118329116304
P2-run9,POD,grid,10,0.0001,5000,28.63985595481153,0.25922083042119154
P2-run9,POD,grid,10,0.001,5000,29.671601094315527,0.2574383673250578
P2-run9,POD,grid,10,0.01,5000,29.95581286882465,0.2622344502709085
P2-run9,POD,grid,10,0.1,910,29.16994089726315,0.2663232660445954
P2-run9,POD,grid,10,0.0,0,28.52910066652412,0.25949403193680326
P2-run9,POD,grid,30,0.0001,5000,0.38633521117161296,0.0010077873706056436
P2-run9,POD,grid,30,0.001,5000,0.6302716166264581,0.0024790624025042216
P2-run9,POD,grid,30,0.01,5000,2.5737779614216834,0.01900751579113786
P2-run9,POD,grid,30,0.1,5000,15.94595989124951,0.14786839022330914
P2-run9,POD,grid,30,0.0,0,0.10487180380025077,0.0009490164781359853
P2-run9,POD,grid,100,0.0001,3750,0.09226117404445898,0.0009313804585228334
P2-run9,POD,grid,100,0.001,3720,0.17694172673879383,0.0011394989573935428
P2-run9,POD,grid,100,0.01,3440,0.9188707104018361,0.005080948935372673
P2-run9,POD,grid,100,0.1,2600,4.800139625836812,0.04897424932511004
P2-run9,POD,grid,100,0.0,0,0.08503507046145176,0.0009217200884952617
P2-run9,POD,wells-joint,5,0.0001,5000,28.367393652236913,0.010892287853705124
P2-run9,POD,wells-joint,5,0.001,5000,27.80593758012509,0.011682192544063934
P2-run9,POD,wells-joint,5,0.01,5000,25.040211196541815,0.06277023638428793
P2-run9,POD,wells-joint,5,0.1,2770,29.011276894575634,0.2700439488941436
P2-run9,POD,wells-joint,5,0.0,0,28.407713290967283,0.012562082369654675
P2-run9,POD,wells-joint,10,0.0001,5000,24.133302076740407,0.013648291105448958
P2-run9,POD,wells-joint,10,0.001,5000,21.73782623146635,0.01206424539515754
P2-run9,POD,wells-joint,10,0.01,5000,8.29115504167788,0.020654830723984212
P2-run9,POD,wells-joint,10,0.1,5000,17.96116530333471,0.15041615064246835
P2-run9,POD,wells-joint,10,0.0,0,0.706123192175181,0.0016550027702099074
P2-run9,POD,wells-joint,30,0.0001,5000,2.4162320927669056,0.0018180525190713151
P2-run9,POD,wells-joint,30,0.001,5000,1.6700711848517658,0.0015834791741749289
P2-run9,POD,wells-joint,30,0.01,5000,1.4464207239034326,0.0062193166643753845
P2-run9,POD,wells-joint,30,0.1,3680,6.427093206989118,0.06099473480272421
P2-run9,POD,wells-joint,30,0.0,0,0.21137094469017548,0.0009787327300070725
P2-run9,POD-E,grid,10,0.0001,5000,0.6671033473420248,0.002099237664543468
P2-run9,POD-E,grid,10,0.001,1770,0.6751309553347125,0.0021227247441067115
P2-run9,POD-E,grid,10,0.01,270,0.7216610210575669,0.002721532472660071
P2-run9,POD-E,grid,10,0.1,890,0.8933660060469086,0.005872653114672843
P2-run9,POD-E,grid,10,0.0,0,0.36493089959849195,0.0018342031431190604
P2-run9,POD-E,grid,30,0.0001,260,0.10224067129083689,0.0009258924691452606
P2-run9,POD-E,grid,30,0.001,250,0.10510262636403624,0.0009458769246663823
P2-run9,POD-E,grid,30,0.01,200,0.2033209201020362,0.0013856918527400273
P2-run9,POD-E,grid,30,0.1,190,0.4799098188239029,0.0032832297123796326
P2-run9,POD-E,grid,30,0.0,0,0.10226551134709709,0.0009246638636455865
P2-run9,POD-E,grid,100,0.0001,120,0.08481386263753082,0.0009180210692523242
P2-run9,POD-E,grid,100,0.001,120,0.08559760381037158,0.0009190120444693568
P2-run9,POD-E,grid,100,0.01,230,0.11904629837979636,0.0009934395726289577
P2-run9,POD-E,grid,100,0.1,160,0.301599647160828,0.0020860949434654066
P2-run9,POD-E,grid,100,0.0,0,0.08478376571451017,0.0009180705450615312
P2-run9,POD-E,wells-joint,5,0.0001,5000,0.5405690449672269,0.0009548365317677967
P2-run9,POD-E,wells-joint,5,0.001,4140,0.5268522089386706,0.0010978125289284768
P2-run9,POD-E,wells-joint,5,0.01,110,0.43000813981346403,0.0022815803439528684
P2-run9,POD-E,wells-joint,5,0.1,80,0.9784541942316034,0.004237684885546645
P2-run9,POD-E,wells-joint,5,0.0,0,0.46806297392824553,0.000958090924454509
P2-run9,POD-E,wells-joint,10,0.0001,5000,1.1666139894118872,0.0009498113288166837
P2-run9,POD-E,wells-joint,10,0.001,3190,0.511298862291934,0.0008848040286588152
P2-run9,POD-E,wells-joint,10,0.01,390,0.3547425981748819,0.0015337556302251608
P2-run9,POD-E,wells-joint,10,0.1,110,0.7857080889938275,0.003488676616189045
P2-run9,POD-E,wells-joint,10,0.0,0,1.2073631316030196,0.0009646520233331222
P2-run9,POD-E,wells-joint,30,0.0001,350,0.20912631708149046,0.0009692170421846763
P2-run9,POD-E,wells-joint,30,0.001,350,0.22226512860774783,0.0009333471346118646
P2-run9,POD-E,wells-joint,30,0.01,170,0.2688310770696502,0.0011263185264624807
P2-run9,POD-E,wells-joint,30,0.1,220,0.4666133683561903,0.0022241264902697786
P2-run9,POD-E,wells-joint,30,0.0,0,0.21137094469009243,0.0009787327300070348
P2-run9,TBMD,grid,10,0.0001,5000,0.7231487381626923,0.0064058620463909475
P2-run9,TBMD,grid,10,0.001,5000,0.7169300894411142,0.0063507927321850175
P2-run9,TBMD,grid,10,0.01,140,0.7268161096621594,0.006113498045368723
P2-run9,TBMD,grid,10,0.1,420,1.055260902275281,0.006040859050778429
P2-run9,TBMD,grid,10,0.0,0,0.6989797342048759,0.006452455193215539
P2-run9,TBMD,grid,30,0.0001,510,0.5514484154010423,0.004655680517936127
P2-run9,TBMD,grid,30,0.001,480,0.5513791493965948,0.004606959689576353
P2-run9,TBMD,grid,30,0.01,180,0.623141837382812,0.004467154796686985
P2-run9,TBMD,grid,30,0.1,190,0.7816257313001517,0.005030932498882604
P2-run9,TBMD,grid,30,0.0,0,0.5516787208308441,0.004661707892793383
P2-run9,TBMD,grid,100,0.0001,170,0.5251685576678325,0.0046348469086395444
P2-run9,TBMD,grid,100,0.001,170,0.5238517272550928,0.00463382437609349
P2-run9,TBMD,grid,100,0.01,260,0.5232436957106124,0.004648791135817773
P2-run9,TBMD,grid,100,0.1,230,0.6006608150895528,0.0049634929960390714
P2-run9,TBMD,grid,100,0.0,0,0.5253576510993648,0.004634976926545835
P2-run9,TBMD,wells-joint,5,0.0001,5000,0.8340243583099408,0.004484650195664746
P2-run9,TBMD,wells-joint,5,0.001,5000,0.6411349501915873,0.004288488628424424
P2-run9,TBMD,wells-joint,5,0.01,200,0.6615661349553199,0.004697079933931481
P2-run9,TBMD,wells-joint,5,0.1,190,1.064323104914221,0.005711722266897375
P2-run9,TBMD,wells-joint,5,0.0,0,1.0327836723414137,0.004424877553277554
P2-run9,TBMD,wells-joint,10,0.0001,5000,0.7566397528849483,0.0043348916049834796
P2-run9,TBMD,wells-joint,10,0.001,5000,0.6302442512298214,0.004241149382568224
P2-run9,TBMD,wells-joint,10,0.01,230,0.6202002515886335,0.0044129315582155555
P2-run9,TBMD,wells-joint,10,0.1,120,0.8950555106250939,0.0051899996192368274
P2-run9,TBMD,wells-joint,10,0.0,0,1.5038518962723824,0.004422488188890667
P2-run9,TBMD,wells-joint,30,0.0001,610,0.542362951817401,0.00420720289635559
P2-run9,TBMD,wells-joint,30,0.001,570,0.5386140010233689,0.004190797012656926
P2-run9,TBMD,wells-joint,30,0.01,180,0.5931806956411908,0.004291086113553467
P2-run9,TBMD,wells-joint,30,0.1,220,0.698013655430837,0.0046243875148155675
P2-run9,TBMD,wells-joint,30,0.0,0,0.5433827725816585,0.004210269975224415
P2-run10,POD,grid,10,0.0001,5000,30.30238745296802,0.26091466928967594
P2-run10,POD,grid,10,0.001,5000,31.52979430452109,0.2596494919359519
P2-run10,POD,grid,10,0.01,5000,31.677085091714467,0.26518219658550096
P2-run10,POD,grid,10,0.1,910,30.859845593805513,0.2654080366551599
P2-run10,POD,grid,10,0.0,0,30.171008401909116,0.26104653599012523
P2-run10,POD,grid,30,0.0001,5000,0.41013593316685615,0.0008187717639644953
P2-run10,POD,grid,30,0.001,5000,0.7266441235580627,0.001599235141765024
P2-run10,POD,grid,30,0.01,5000,2.1295376302911726,0.013164103488401569
P2-run10,POD,grid,30,0.1,5000,16.58725323810587,0.137761500982752
P2-run10,POD,grid,30,0.0,0,0.2189644301420694,0.0007771633700011037
P2-run10,POD,grid,100,0.0001,4160,0.14724638642497634,0.0007319017796454695
P2-run10,POD,grid,100,0.001,4130,0.2683635857993738,0.0008986174362142622
P2-run10,POD,grid,100,0.01,3750,0.9343901430872091,0.0026516884094191745
P2-run10,POD,grid,100,0.1,2660,4.520933230412767,0.03544576876923233
P2-run10,POD,grid,100,0.0,0,0.13690421710685516,0.0007267236629997076
P2-run10,POD,wells-joint,5,0.0001,5000,30.019358418137344,0.010137234699599238
P2-run10,POD,wells-joint,5,0.001,5000,29.227919230874633,0.012268391576124428
P2-run10,POD,wells-joint,5,0.01,5000,25.46970794985202,0.06002704031154591
P2-run10,POD,wells-joint,5,0.1,1410,30.59728108686981,0.27122172485745255
P2-run10,POD,wells-joint,5,0.0,0,30.052924541736274,0.012673336984681727
P2-run10,POD,wells-joint,10,0.0001,5000,27.98485456305415,0.013717852768132772
P2-run10,POD,wells-joint,10,0.001,5000,26.170683538239427,0.010547245261278874
P2-run10,POD,wells-joint,10,0.01,5000,14.767241029932455,0.025642846835585244
P2-run10,POD,wells-joint,10,0.1,5000,22.340213555630882,0.1450572892390386
P2-run10,POD,wells-joint,10,0.0,0,0.9071167664167435,0.0008148537022812714
P2-run10,POD,wells-joint,30,0.0001,5000,1.8265934259927636,0.0010623912122884644
P2-run10,POD,wells-joint,30,0.001,5000,1.2183864734064083,0.0009840325938305216
P2-run10,POD,wells-joint,30,0.01,5000,1.2860148926397499,0.004358549456962804
P2-run10,POD,wells-joint,30,0.1,3040,6.970183654931089,0.053193256891160334
P2-run10,POD,wells-joint,30,0.0,0,0.36941173629354723,0.0006901329916883317
P2-run10,POD-E,grid,10,0.0001,5000,0.33050448112322206,0.001215756289180993
P2-run10,POD-E,grid,10,0.001,5000,0.3788453009528019,0.0012385904587577225
P2-run10,POD-E,grid,10,0.01,380,0.4355637813520218,0.001800948065229417
P2-run10,POD-E,grid,10,0.1,1010,0.7187211937550743,0.004279087055829197
P2-run10,POD-E,grid,10,0.0,0,0.303352351327239,0.0011415402089912678
P2-run10,POD-E,grid,30,0.0001,170,0.21327724236032164,0.0008068434428578493
P2-run10,POD-E,grid,30,0.001,170,0.18541996718155135,0.0007948369069179901
P2-run10,POD-E,grid,30,0.01,140,0.18073126531420855,0.0013108775716401803
P2-run10,POD-E,grid,30,0.1,1820,0.3917842310808832,0.0037039144002452167
P2-run10,POD-E,grid,30,0.0,0,0.21671550360006406,0.0008095516973885428
P2-run10,POD-E,grid,100,0.0001,80,0.1355624700831821,0.0007265036439079945
P2-run10,POD-E,grid,100,0.001,80,0.12400911378790896,0.0007198452548936293
P2-run10,POD-E,grid,100,0.01,620,0.11845979734838377,0.0007783763384705481
P2-run10,POD-E,grid,100,0.1,3230,0.24795439876838157,0.0022859018410394914
P2-run10,POD-E,grid,100,0.0,0,0.13692438744024021,0.0007273940512750377
P2-run10,POD-E,wells-joint,5,0.0001,5000,0.333197467607992,0.000702725131677743
P2-run10,POD-E,wells-joint,5,0.001,5000,0.36159250785881225,0.0009003546148670976
P2-run10,POD-E,wells-joint,5,0.01,280,0.40963910871150605,0.0019857428138525574
P2-run10,POD-E,wells-joint,5,0.1,660,0.6244845223638283,0.004153970927476932
P2-run10,POD-E,wells-joint,5,0.0,0,0.5286399335948758,0.0007284539982221643
P2-run10,POD-E,wells-joint,10,0.0001,5000,0.4561952380758468,0.0007311847117718944
P2-run10,POD-E,wells-joint,10,0.001,1870,0.29719440483340426,0.0007547924427902632
P2-run10,POD-E,wells-joint,10,0.01,260,0.2972689674471267,0.0010501269971247146
P2-run10,POD-E,wells-joint,10,0.1,1260,0.4867708913938459,0.0030781852298283467
P2-run10,POD-E,wells-joint,10,0.0,0,1.2734869390915757,0.0008607447817852107
P2-run10,POD-E,wells-joint,30,0.0001,270,0.35157520329228925,0.0006835325052994713
P2-run10,POD-E,wells-joint,30,0.001,260,0.25283602076355965,0.0006705860830418181
P2-run10,POD-E,wells-joint,30,0.01,170,0.16415749236373972,0.0008504668037761184
P2-run10,POD-E,wells-joint,30,0.1,2300,0.2948611395307106,0.0026475302365084608
P2-run10,POD-E,wells-joint,30,0.0,0,0.3694117362935562,0.0006901329916882925
P2-run10,TBMD,grid,10,0.0001,5000,0.5397193286575813,0.006574012418758679
P2-run10,TBMD,grid,10,0.001,5000,0.5180832040032952,0.0066908525581368
P2-run10,TBMD,grid,10,0.01,110,0.42669328593483363,0.00688331172271466
P2-run10,TBMD,grid,10,0.1,890,0.7152804416597695,0.005855854065640052
P2-run10,TBMD,grid,10,0.0,0,0.5187261470827733,0.00637211906422326
P2-run10,TBMD,grid,30,0.0001,610,0.4104428840936361,0.005543111294432307
P2-run10,TBMD,grid,30,0.001,590,0.4139913236579425,0.0054874546398588206
P2-run10,TBMD,grid,30,0.01,120,0.4444611960020886,0.005392902309196666
P2-run10,TBMD,grid,30,0.1,1710,0.6128034848171862,0.005528201792149921
P2-run10,TBMD,grid,30,0.0,0,0.4096408968082957,0.0055531921652083585
P2-run10,TBMD,grid,100,0.0001,170,0.3528918907901751,0.004470966182375642
P2-run10,TBMD,grid,100,0.001,160,0.3517031477584143,0.004468921837244866
P2-run10,TBMD,grid,100,0.01,240,0.3621022294098599,0.004487643844806261
P2-run10,TBMD,grid,100,0.1,4590,0.4482175455455316,0.005095856786244964
P2-run10,TBMD,grid,100,0.0,0,0.3530580083742881,0.004471059614925672
P2-run10,TBMD,wells-joint,5,0.0001,5000,1.097512170046633,0.004387027804795651
P2-run10,TBMD,wells-joint,5,0.001,1650,0.68787717645303,0.0042910444048969735
P2-run10,TBMD,wells-joint,5,0.01,110,0.48271356372914226,0.004480356641134606
P2-run10,TBMD,wells-joint,5,0.1,770,0.8571769281592942,0.005524372476678866
P2-run10,TBMD,wells-joint,5,0.0,0,1.3928418699164096,0.004429673792798291
P2-run10,TBMD,wells-joint,10,0.0001,5000,0.7027839303141097,0.004517307350035225
P2-run10,TBMD,wells-joint,10,0.001,3210,0.5462171079170656,0.004296857157629552
P2-run10,TBMD,wells-joint,10,0.01,180,0.5250711455110946,0.004273377573163538
P2-run10,TBMD,wells-joint,10,0.1,1350,0.7423368754386922,0.0050808307595485306
P2-run10,TBMD,wells-joint,10,0.0,0,1.5754781503491742,0.0048430263981605656
P2-run10,TBMD,wells-joint,30,0.0001,800,0.4677377267113738,0.004243421377144096
P2-run10,TBMD,wells-joint,30,0.001,760,0.44295476648719156,0.004211518858091921
P2-run10,TBMD,wells-joint,30,0.01,440,0.41309005202739135,0.00423160388788302
P2-run10,TBMD,wells-joint,30,0.1,2180,0.48333255898141586,0.004920730658730958
P2-run10,TBMD,wells-joint,30,0.0,0,0.47132479469514615,0.004249426415355849
