protocol,fold,model,estimator,wells,channels,joint_rank,rank_pressure,rank_so,coefficients,rmse_p,rmse_so,admm_iterations
P1,P1-run1,joint-4D,LS,10,20,7,7,7,7,0.413145392897972,0.0048077781167303315,0
P1,P1-run1,joint-4D,L1,10,20,7,7,7,7,0.27274789456384796,0.0064427884664841565,20
P1,P1-run1,independent-equal-total,LS,10,20,7,3,4,7,0.13839867014699916,0.00021169035483800506,0
P1,P1-run1,independent-equal-total,L1,10,20,7,3,4,7,0.13537668897762034,0.006039691429942851,230
P1,P1-run1,independent-per-property,LS,10,20,7,7,7,14,0.23663774759150843,0.0007094169187031914,0
P1,P1-run1,independent-per-property,L1,10,20,7,7,7,14,0.13739055210301107,0.00603964581385444,230
P1,P1-run1,joint-4D,LS,30,60,7,7,7,7,0.3154560339416943,0.004389175346679478,0
P1,P1-run1,joint-4D,L1,30,60,7,7,7,7,0.26462991162134847,0.005213853109427798,140
P1,P1-run1,independent-equal-total,LS,30,60,7,3,4,7,0.1277333091888544,0.00039768308276086307,0
P1,P1-run1,independent-equal-total,L1,30,60,7,3,4,7,0.11752164186979892,0.0016470415167507083,70
P1,P1-run1,independent-per-property,LS,30,60,7,7,7,14,0.10516227634064165,0.00011657118509458195,0
P1,P1-run1,independent-per-property,L1,30,60,7,7,7,14,0.11832039024291709,0.0016470221510144767,70
P1,P1-run2,joint-4D,LS,10,20,8,8,8,8,0.4770990585736114,0.00554875557321856,0
P1,P1-run2,joint-4D,L1,10,20,8,8,8,8,0.34078029178061436,0.006881680038470976,30
P1,P1-run2,independent-equal-total,LS,10,20,8,4,4,8,0.3033288035361434,0.00020344412450049802,0
P1,P1-run2,independent-equal-total,L1,10,20,8,4,4,8,0.12651776217184463,0.006103227276090457,230
P1,P1-run2,independent-per-property,LS,10,20,8,8,8,16,0.20223064289089393,0.0015906695307760976,0
P1,P1-run2,independent-per-property,L1,10,20,8,8,8,16,0.1265683127893594,0.0061032668345820384,230
P1,P1-run2,joint-4D,LS,30,60,8,8,8,8,0.38745877269356294,0.004834701945296397,0
P1,P1-run2,joint-4D,L1,30,60,8,8,8,8,0.37807506968643784,0.004900343637174394,140
P1,P1-run2,independent-equal-total,LS,30,60,8,4,4,8,0.10073748282964841,0.0002794927146747086,0
P1,P1-run2,independent-equal-total,L1,30,60,8,4,4,8,0.10674334203001343,0.0017239360543115497,70
P1,P1-run2,independent-per-property,LS,30,60,8,8,8,16,0.10816253816830262,0.00016060474669610003,0
P1,P1-run2,independent-per-property,L1,30,60,8,8,8,16,0.1068285597499427,0.0017239726948197237,70
P1,P1-run3,joint-4D,LS,10,20,7,7,7,7,0.4852841396056415,0.00501437747180063,0
P1,P1-run3,joint-4D,L1,10,20,7,7,7,7,0.3055686953558305,0.006509817586610341,30
P1,P1-run3,independent-equal-total,LS,10,20,7,3,4,7,0.16609133036651494,0.00020221743488543678,0
P1,P1-run3,independent-equal-total,L1,10,20,7,3,4,7,0.13034378643258207,0.006008231366038812,230
P1,P1-run3,independent-per-property,LS,10,20,7,7,7,14,0.3665207375150079,0.00029376884942265805,0
P1,P1-run3,independent-per-property,L1,10,20,7,7,7,14,0.13031001224744077,0.00600823519504495,230
P1,P1-run3,joint-4D,LS,30,60,7,7,7,7,0.315203521277705,0.00461879693842913,0
P1,P1-run3,joint-4D,L1,30,60,7,7,7,7,0.2888347177087923,0.005398913405008496,220
P1,P1-run3,independent-equal-total,LS,30,60,7,3,4,7,0.1493052847316674,0.00037479347797836587,0
P1,P1-run3,independent-equal-total,L1,30,60,7,3,4,7,0.118262232055572,0.0016355908981083801,70
P1,P1-run3,independent-per-property,LS,30,60,7,7,7,14,0.09514054764568845,0.00011691564813825108,0
P1,P1-run3,independent-per-property,L1,30,60,7,7,7,14,0.11835467674567458,0.0016355510347590503,70
P1,P1-run4,joint-4D,LS,10,20,8,8,8,8,0.3960391293833602,0.004560085704922168,0
P1,P1-run4,joint-4D,L1,10,20,8,8,8,8,0.32480220563940576,0.006568686507806542,30
P1,P1-run4,independent-equal-total,LS,10,20,8,4,4,8,0.1132406652782408,0.0007339261928123712,0
P1,P1-run4,independent-equal-total,L1,10,20,8,4,4,8,0.17967801578114512,0.006107948751986077,220
P1,P1-run4,independent-per-property,LS,10,20,8,8,8,16,0.21951894223519478,0.0008350654817458512,0
P1,P1-run4,independent-per-property,L1,10,20,8,8,8,16,0.17950861137200988,0.006108026357643522,220
P1,P1-run4,joint-4D,LS,30,60,8,8,8,8,0.33618307747149107,0.00445720793627303,0
P1,P1-run4,joint-4D,L1,30,60,8,8,8,8,0.2918474589816485,0.005072857951093258,220
P1,P1-run4,independent-equal-total,LS,30,60,8,4,4,8,0.09118824631127956,0.00048567990932645147,0
P1,P1-run4,independent-equal-total,L1,30,60,8,4,4,8,0.17518580048574303,0.001705950269421505,60
P1,P1-run4,independent-per-property,LS,30,60,8,8,8,16,0.0922294885931812,0.00017174468367188794,0
P1,P1-run4,independent-per-property,L1,30,60,8,8,8,16,0.17517549866878623,0.0017057039366948341,60
P1,P1-run5,joint-4D,LS,10,20,8,8,8,8,0.3785419187121113,0.0058587759194621315,0
P1,P1-run5,joint-4D,L1,10,20,8,8,8,8,0.30922870929634244,0.006880615507424501,40
P1,P1-run5,independent-equal-total,LS,10,20,8,4,4,8,0.10724959559960848,0.0002021373752237769,0
P1,P1-run5,independent-equal-total,L1,10,20,8,4,4,8,0.1402287452885208,0.00603013958328742,220
P1,P1-run5,independent-per-property,LS,10,20,8,8,8,16,0.34131072473288004,0.003572559931729386,0
P1,P1-run5,independent-per-property,L1,10,20,8,8,8,16,0.14053272088655988,0.006030324729760559,220
P1,P1-run5,joint-4D,LS,30,60,8,8,8,8,0.35145302933163414,0.004462661395401488,0
P1,P1-run5,joint-4D,L1,30,60,8,8,8,8,0.39379568790311226,0.004734737701112778,150
P1,P1-run5,independent-equal-total,LS,30,60,8,4,4,8,0.10548729481164223,0.00024334288813840629,0
P1,P1-run5,independent-equal-total,L1,30,60,8,4,4,8,0.13120092366444971,0.0017585988813517393,60
P1,P1-run5,independent-per-property,LS,30,60,8,8,8,16,0.09801423553515809,0.0001396270694412235,0
P1,P1-run5,independent-per-property,L1,30,60,8,8,8,16,0.13100341017477643,0.0017583621787115985,60
P1,P1-run6,joint-4D,LS,10,20,7,7,7,7,0.8081133054874695,0.004734287601278331,0
P1,P1-run6,joint-4D,L1,10,20,7,7,7,7,0.2818356634657796,0.006296171757464156,30
P1,P1-run6,independent-equal-total,LS,10,20,7,3,4,7,0.10948073251983693,0.00020359917930007004,0
P1,P1-run6,independent-equal-total,L1,10,20,7,3,4,7,0.1165848286535333,0.005776749384565272,20
P1,P1-run6,independent-per-property,LS,10,20,7,7,7,14,0.1954476176054895,0.009489591288435958,0
P1,P1-run6,independent-per-property,L1,10,20,7,7,7,14,0.1176698139096758,0.005776746942542752,20
P1,P1-run6,joint-4D,LS,30,60,7,7,7,7,0.31448539191998637,0.0044824887166178716,0
P1,P1-run6,joint-4D,L1,30,60,7,7,7,7,0.3071771130560083,0.005170960342674534,160
P1,P1-run6,independent-equal-total,LS,30,60,7,3,4,7,0.11415933182895709,0.00025010847257982724,0
P1,P1-run6,independent-equal-total,L1,30,60,7,3,4,7,0.10011505033384945,0.0016760651402423872,70
P1,P1-run6,independent-per-property,LS,30,60,7,7,7,14,0.11613298884528793,0.00011753769061234158,0
P1,P1-run6,independent-per-property,L1,30,60,7,7,7,14,0.10049056966776904,0.001676069725463691,70
P1,P1-run7,joint-4D,LS,10,20,8,8,8,8,0.37999316412329137,0.004891658734496076,0
P1,P1-run7,joint-4D,L1,10,20,8,8,8,8,0.2900320090771904,0.006629331243118334,50
P1,P1-run7,independent-equal-total,LS,10,20,8,4,4,8,0.0925769547991339,0.0003077715986658524,0
P1,P1-run7,independent-equal-total,L1,10,20,8,4,4,8,0.12588466783721994,0.005718592656779855,230
P1,P1-run7,independent-per-property,LS,10,20,8,8,8,16,0.18395279560561117,0.0062176972076665804,0
P1,P1-run7,independent-per-property,L1,10,20,8,8,8,16,0.12603349267198338,0.005718196827598843,230
P1,P1-run7,joint-4D,LS,30,60,8,8,8,8,0.3145417357857135,0.004459125495448695,0
P1,P1-run7,joint-4D,L1,30,60,8,8,8,8,0.2853047230138625,0.004729013372030767,120
P1,P1-run7,independent-equal-total,LS,30,60,8,4,4,8,0.0931398427966539,0.0003739800293257472,0
P1,P1-run7,independent-equal-total,L1,30,60,8,4,4,8,0.10436117234845481,0.0016144768481061603,70
P1,P1-run7,independent-per-property,LS,30,60,8,8,8,16,0.06920519327139282,0.00031046130153251813,0
P1,P1-run7,independent-per-property,L1,30,60,8,8,8,16,0.1042950567785449,0.0016142716000972263,70
P1,P1-run8,joint-4D,LS,10,20,7,7,7,7,0.3707091444908738,0.004967930440506413,0
P1,P1-run8,joint-4D,L1,10,20,7,7,7,7,0.3667890098332314,0.006885128951049111,20
P1,P1-run8,independent-equal-total,LS,10,20,7,3,4,7,0.15864790146667523,0.00026037857415670023,0
P1,P1-run8,independent-equal-total,L1,10,20,7,3,4,7,0.15765189060797993,0.005339863446718142,210
P1,P1-run8,independent-per-property,LS,10,20,7,7,7,14,0.2540893080833448,0.0007256018197922104,0
P1,P1-run8,independent-per-property,L1,10,20,7,7,7,14,0.15806581034642483,0.00533967646093292,210
P1,P1-run8,joint-4D,LS,30,60,7,7,7,7,0.3777505701670168,0.004676561928188463,0
P1,P1-run8,joint-4D,L1,30,60,7,7,7,7,0.35075371062952254,0.0054214553052250305,180
P1,P1-run8,independent-equal-total,LS,30,60,7,3,4,7,0.14958736501304631,0.0004115393398236846,0
P1,P1-run8,independent-equal-total,L1,30,60,7,3,4,7,0.15163921780254538,0.0017735469507411583,60
P1,P1-run8,independent-per-property,LS,30,60,7,7,7,14,0.09932664743020085,0.0002056562492319837,0
P1,P1-run8,independent-per-property,L1,30,60,7,7,7,14,0.15182455377498638,0.0017736297276463805,60
P1,P1-run9,joint-4D,LS,10,20,7,7,7,7,0.4097218915904428,0.005295427931792029,0
P1,P1-run9,joint-4D,L1,10,20,7,7,7,7,0.3446902917229165,0.006867831562809638,30
P1,P1-run9,independent-equal-total,LS,10,20,7,3,4,7,0.1667739827868489,0.0004428918741099607,0
P1,P1-run9,independent-equal-total,L1,10,20,7,3,4,7,0.13538848466686715,0.004628442693788512,190
P1,P1-run9,independent-per-property,LS,10,20,7,7,7,14,0.34365495816025027,0.0020225748892897973,0
P1,P1-run9,independent-per-property,L1,10,20,7,7,7,14,0.1358709214424257,0.0046282573918803764,190
P1,P1-run9,joint-4D,LS,30,60,7,7,7,7,0.38127897741174777,0.004855616399285206,0
P1,P1-run9,joint-4D,L1,30,60,7,7,7,7,0.3498096205940325,0.005019077563767269,140
P1,P1-run9,independent-equal-total,LS,30,60,7,3,4,7,0.13787517753558098,0.0004890602471456765,0
P1,P1-run9,independent-equal-total,L1,30,60,7,3,4,7,0.11689331336869548,0.0016760488501146292,70
P1,P1-run9,independent-per-property,LS,30,60,7,7,7,14,0.11920610643955393,0.0002766193003171609,0
P1,P1-run9,independent-per-property,L1,30,60,7,7,7,14,0.1172449414130247,0.0016761133616701252,70
P1,P1-run10,joint-4D,LS,10,20,8,8,8,8,0.5802221772984245,0.005090861991919199,0
P1,P1-run10,joint-4D,L1,10,20,8,8,8,8,0.28104021938532664,0.006435805717540326,30
P1,P1-run10,independent-equal-total,LS,10,20,8,4,4,8,0.2690776088277696,0.00023771736460438824,0
P1,P1-run10,independent-equal-total,L1,10,20,8,4,4,8,0.10842043642335707,0.005869089240677687,20
P1,P1-run10,independent-per-property,LS,10,20,8,8,8,16,0.6655495828763981,0.00045699961253878107,0
P1,P1-run10,independent-per-property,L1,10,20,8,8,8,16,0.10856069240082479,0.005869088266096915,20
P1,P1-run10,joint-4D,LS,30,60,8,8,8,8,0.28720402325506095,0.004644991052550856,0
P1,P1-run10,joint-4D,L1,30,60,8,8,8,8,0.3251142552693556,0.0049808978795653925,180
P1,P1-run10,independent-equal-total,LS,30,60,8,4,4,8,0.10409853565332249,0.000304404223516494,0
P1,P1-run10,independent-equal-total,L1,30,60,8,4,4,8,0.08183853807788795,0.0016833483062547,70
P1,P1-run10,independent-per-property,LS,30,60,8,8,8,16,0.08392503672864493,0.00012633727888427854,0
P1,P1-run10,independent-per-property,L1,30,60,8,8,8,16,0.08198433065680485,0.001683518031125778,70
P2,P2-run1,joint-4D,LS,10,20,16,16,16,16,22.610492365021834,0.04846936945140457,0
P2,P2-run1,joint-4D,L1,10,20,16,16,16,16,0.40607399568062075,0.004684261391265197,150
P2,P2-run1,independent-equal-total,LS,10,20,16,8,8,16,0.9130263125639694,0.005611976650739003,0
P2,P2-run1,independent-equal-total,L1,10,20,16,8,8,16,0.30694960335948546,0.0017659379547655567,250
P2,P2-run1,independent-per-property,LS,10,20,16,16,16,32,0.3659416218260365,0.002414120495364631,0
P2,P2-run1,independent-per-property,L1,10,20,16,16,16,32,0.3072038165909592,0.0017654442937186743,250
P2,P2-run1,joint-4D,LS,30,60,16,16,16,16,0.42210765035013087,0.004308532809295908,0
P2,P2-run1,joint-4D,L1,30,60,16,16,16,16,0.38170941975489386,0.004266705138406137,200
P2,P2-run1,independent-equal-total,LS,30,60,16,8,8,16,0.2547832583553505,0.0007910989827891701,0
P2,P2-run1,independent-equal-total,L1,30,60,16,8,8,16,0.244757404674121,0.0009472427865223366,170
P2,P2-run1,independent-per-property,LS,30,60,16,16,16,32,0.4275059895140737,0.0009631779609139861,0
P2,P2-run1,independent-per-property,L1,30,60,16,16,16,32,0.24431889971361845,0.0009475274304465083,170
P2,P2-run2,joint-4D,LS,10,20,16,16,16,16,2.2470293757047144,0.012055458549278102,0
P2,P2-run2,joint-4D,L1,10,20,16,16,16,16,0.47112768447737685,0.0046549550347935,210
P2,P2-run2,independent-equal-total,LS,10,20,16,8,8,16,2.022874819140411,0.0025490503079707884,0
P2,P2-run2,independent-equal-total,L1,10,20,16,8,8,16,0.34475959188432964,0.0018148466655534057,200
P2,P2-run2,independent-per-property,LS,10,20,16,16,16,32,0.5248526549560985,0.001973895617707769,0
P2,P2-run2,independent-per-property,L1,10,20,16,16,16,32,0.3450452976239952,0.001813040903040553,200
P2,P2-run2,joint-4D,LS,30,60,16,16,16,16,0.4364057509128216,0.004238586606813924,0
P2,P2-run2,joint-4D,L1,30,60,16,16,16,16,0.42047044168812125,0.004227583680225802,320
P2,P2-run2,independent-equal-total,LS,30,60,16,8,8,16,0.2760546727070676,0.0007660423787212508,0
P2,P2-run2,independent-equal-total,L1,30,60,16,8,8,16,0.23128443348581068,0.0010151028172430074,490
P2,P2-run2,independent-per-property,LS,30,60,16,16,16,32,0.28938278424596414,0.0013910974944732505,0
P2,P2-run2,independent-per-property,L1,30,60,16,16,16,32,0.22840506869022592,0.0010154247416521054,360
P2,P2-run3,joint-4D,LS,10,20,16,16,16,16,5.569358333218773,0.01675466705473373,0
P2,P2-run3,joint-4D,L1,10,20,16,16,16,16,0.43334027503745093,0.004580654771360331,450
P2,P2-run3,independent-equal-total,LS,10,20,16,8,8,16,2.734014227399844,0.004591322536879381,0
P2,P2-run3,independent-equal-total,L1,10,20,16,8,8,16,0.2982861224243155,0.0016801087500890818,250
P2,P2-run3,independent-per-property,LS,10,20,16,16,16,32,0.8433063910474033,0.0012632726693084595,0
P2,P2-run3,independent-per-property,L1,10,20,16,16,16,32,0.2984377753896799,0.0016789910263524767,250
P2,P2-run3,joint-4D,LS,30,60,16,16,16,16,0.42071580143300236,0.004202478569135357,0
P2,P2-run3,joint-4D,L1,30,60,16,16,16,16,0.3981809881833461,0.004211521859567715,1570
P2,P2-run3,independent-equal-total,LS,30,60,16,8,8,16,0.20230354293380956,0.0005578769661872244,0
P2,P2-run3,independent-equal-total,L1,30,60,16,8,8,16,0.23269111883462348,0.0008517848477491674,60
P2,P2-run3,independent-per-property,LS,30,60,16,16,16,32,0.25937681404948737,0.0024275257450587827,0
P2,P2-run3,independent-per-property,L1,30,60,16,16,16,32,0.23369872100480846,0.0008525424424603794,320
P2,P2-run4,joint-4D,LS,10,20,16,16,16,16,2.868181958728718,0.011352589944463037,0
P2,P2-run4,joint-4D,L1,10,20,16,16,16,16,0.4497088230346676,0.00465181717590993,220
P2,P2-run4,independent-equal-total,LS,10,20,16,8,8,16,6.321880052776805,0.009569689624360452,0
P2,P2-run4,independent-equal-total,L1,10,20,16,8,8,16,0.3388959404500972,0.00184306567198185,30
P2,P2-run4,independent-per-property,LS,10,20,16,16,16,32,0.8035942049616754,0.001339787118499615,0
P2,P2-run4,independent-per-property,L1,10,20,16,16,16,32,0.33926985368229967,0.0018414832517547421,30
P2,P2-run4,joint-4D,LS,30,60,16,16,16,16,0.4119859170182327,0.004264206063823795,0
P2,P2-run4,joint-4D,L1,30,60,16,16,16,16,0.4080054354067981,0.004254506127705027,190
P2,P2-run4,independent-equal-total,LS,30,60,16,8,8,16,0.18933143867834157,0.0008663031836391254,0
P2,P2-run4,independent-equal-total,L1,30,60,16,8,8,16,0.25192030603195437,0.0009760951739265153,100
P2,P2-run4,independent-per-property,LS,30,60,16,16,16,32,0.5046331296001143,0.0035011645058950535,0
P2,P2-run4,independent-per-property,L1,30,60,16,16,16,32,0.2517417876193205,0.0009757425438447368,200
P2,P2-run5,joint-4D,LS,10,20,16,16,16,16,3.051686097097182,0.010519002567429846,0
P2,P2-run5,joint-4D,L1,10,20,16,16,16,16,0.44341163685170587,0.0046754007778469844,430
P2,P2-run5,independent-equal-total,LS,10,20,16,8,8,16,2.2071995963844615,0.012353712229162078,0
P2,P2-run5,independent-equal-total,L1,10,20,16,8,8,16,0.2773806259360704,0.0017325472163919173,280
P2,P2-run5,independent-per-property,LS,10,20,16,16,16,32,0.4402341773174035,0.001554207267769151,0
P2,P2-run5,independent-per-property,L1,10,20,16,16,16,32,0.2778779349356953,0.0017289063897699256,280
P2,P2-run5,joint-4D,LS,30,60,16,16,16,16,0.42665301059381666,0.00423716788457991,0
P2,P2-run5,joint-4D,L1,30,60,16,16,16,16,0.4379159448727795,0.00423699278156202,260
P2,P2-run5,independent-equal-total,LS,30,60,16,8,8,16,0.26173908378727717,0.0006007997039450375,0
P2,P2-run5,independent-equal-total,L1,30,60,16,8,8,16,0.24638341552947063,0.000761824001289341,110
P2,P2-run5,independent-per-property,LS,30,60,16,16,16,32,0.3604605929610633,0.0015754104971811972,0
P2,P2-run5,independent-per-property,L1,30,60,16,16,16,32,0.247617791204207,0.0007622778186465791,260
P2,P2-run6,joint-4D,LS,10,20,16,16,16,16,7.284469427860583,0.012964859142770315,0
P2,P2-run6,joint-4D,L1,10,20,16,16,16,16,0.4902126954426403,0.004872702646392067,400
P2,P2-run6,independent-equal-total,LS,10,20,16,8,8,16,2.0236358044879688,0.002969897930115723,0
P2,P2-run6,independent-equal-total,L1,10,20,16,8,8,16,0.4355785864518539,0.001735466239441676,250
P2,P2-run6,independent-per-property,LS,10,20,16,16,16,32,0.37129476791833205,0.0013788406482466093,0
P2,P2-run6,independent-per-property,L1,10,20,16,16,16,32,0.43569731511526777,0.0017332433274704678,250
P2,P2-run6,joint-4D,LS,30,60,16,16,16,16,0.39154704251009564,0.004252609662687268,0
P2,P2-run6,joint-4D,L1,30,60,16,16,16,16,0.4206512209881135,0.004268655884701807,230
P2,P2-run6,independent-equal-total,LS,30,60,16,8,8,16,0.35567460167564574,0.00076786206777446,0
P2,P2-run6,independent-equal-total,L1,30,60,16,8,8,16,0.22780807820248397,0.0009320805533774083,780
P2,P2-run6,independent-per-property,LS,30,60,16,16,16,32,0.3885839682089005,0.0011931643701976824,0
P2,P2-run6,independent-per-property,L1,30,60,16,16,16,32,0.22787102103351722,0.0009324581435447527,780
P2,P2-run7,joint-4D,LS,10,20,16,16,16,16,8.279142016837094,0.017854363775922283,0
P2,P2-run7,joint-4D,L1,10,20,16,16,16,16,0.4363847005442536,0.004737812729232021,170
P2,P2-run7,independent-equal-total,LS,10,20,16,8,8,16,1.8456417845425337,0.002826747777636083,0
P2,P2-run7,independent-equal-total,L1,10,20,16,8,8,16,0.31741309298488407,0.0016624868222175578,40
P2,P2-run7,independent-per-property,LS,10,20,16,16,16,32,0.34869259597468305,0.0015742377600592749,0
P2,P2-run7,independent-per-property,L1,10,20,16,16,16,32,0.31761542342215154,0.001661728089485462,40
P2,P2-run7,joint-4D,LS,30,60,16,16,16,16,0.35521916576738183,0.004247994905698882,0
P2,P2-run7,joint-4D,L1,30,60,16,16,16,16,0.39510802595635724,0.004255035584192222,220
P2,P2-run7,independent-equal-total,LS,30,60,16,8,8,16,0.3590813464564625,0.0006809249302238565,0
P2,P2-run7,independent-equal-total,L1,30,60,16,8,8,16,0.20692156570051534,0.0010118250379484602,150
P2,P2-run7,independent-per-property,LS,30,60,16,16,16,32,0.3430573755454197,0.0032323821885570296,0
P2,P2-run7,independent-per-property,L1,30,60,16,16,16,32,0.2068120596710426,0.0010116647683941185,540
P2,P2-run8,joint-4D,LS,10,20,16,16,16,16,8.390716425202612,0.024134984169975237,0
P2,P2-run8,joint-4D,L1,10,20,16,16,16,16,0.5116696624218435,0.004666294791558648,110
P2,P2-run8,independent-equal-total,LS,10,20,16,8,8,16,1.966945335178877,0.005742480751190711,0
P2,P2-run8,independent-equal-total,L1,10,20,16,8,8,16,0.3503304883986852,0.0015746870042869228,220
P2,P2-run8,independent-per-property,LS,10,20,16,16,16,32,0.47769260171361594,0.0016472184359370861,0
P2,P2-run8,independent-per-property,L1,10,20,16,16,16,32,0.35046407173520516,0.0015712768909916899,220
P2,P2-run8,joint-4D,LS,30,60,16,16,16,16,0.44369724374901215,0.004205118329116305,0
P2,P2-run8,joint-4D,L1,30,60,16,16,16,16,0.45487495698590646,0.004263758684112466,110
P2,P2-run8,independent-equal-total,LS,30,60,16,8,8,16,0.21478557522915556,0.0005382552570693006,0
P2,P2-run8,independent-equal-total,L1,30,60,16,8,8,16,0.2870567452188432,0.0008216292319548829,110
P2,P2-run8,independent-per-property,LS,30,60,16,16,16,32,0.29067964332224816,0.0011103797986271207,0
P2,P2-run8,independent-per-property,L1,30,60,16,16,16,32,0.2871998611595018,0.0008223354538879392,110
P2,P2-run9,joint-4D,LS,10,20,16,16,16,16,5.10936514995682,0.013621044334103254,0
P2,P2-run9,joint-4D,L1,10,20,16,16,16,16,0.6481673598814909,0.004537246518165465,260
P2,P2-run9,independent-equal-total,LS,10,20,16,8,8,16,10.804782921047384,0.009405102179470324,0
P2,P2-run9,independent-equal-total,L1,10,20,16,8,8,16,0.47644754363958114,0.0020468787049182898,290
P2,P2-run9,independent-per-property,LS,10,20,16,16,16,32,0.5122622662913183,0.001537479360392495,0
P2,P2-run9,independent-per-property,L1,10,20,16,16,16,32,0.4770469321602287,0.0020463297294807613,290
P2,P2-run9,joint-4D,LS,30,60,16,16,16,16,0.5433827725816578,0.004210269975224415,0
P2,P2-run9,joint-4D,L1,30,60,16,16,16,16,0.5931806956411908,0.004291086113553469,180
P2,P2-run9,independent-equal-total,LS,30,60,16,8,8,16,0.4207151120861624,0.0010865715603093939,0
P2,P2-run9,independent-equal-total,L1,30,60,16,8,8,16,0.4755374520004859,0.0015496750446797112,200
P2,P2-run9,independent-per-property,LS,30,60,16,16,16,32,0.48816416137647667,0.0020635282259461557,0
P2,P2-run9,independent-per-property,L1,30,60,16,16,16,32,0.47527635350557446,0.001552212085379033,440
P2,P2-run10,joint-4D,LS,10,20,16,16,16,16,2.746636353188851,0.011009590197099356,0
P2,P2-run10,joint-4D,L1,10,20,16,16,16,16,0.4238394433307488,0.004803648469040939,440
P2,P2-run10,independent-equal-total,LS,10,20,16,8,8,16,2.852442151597701,0.0073089682355951145,0
P2,P2-run10,independent-equal-total,L1,10,20,16,8,8,16,0.31281814627341253,0.001799754299235211,260
P2,P2-run10,independent-per-property,LS,10,20,16,16,16,32,0.3325858399373366,0.0020137473193683588,0
P2,P2-run10,independent-per-property,L1,10,20,16,16,16,32,0.31309243585985436,0.0017989977635035777,260
P2,P2-run10,joint-4D,LS,30,60,16,16,16,16,0.4713247946951426,0.004249426415355847,0
P2,P2-run10,joint-4D,L1,30,60,16,16,16,16,0.41309005202738464,0.0042316038878830176,440
P2,P2-run10,independent-equal-total,LS,30,60,16,8,8,16,0.21268066815097597,0.0007563586690063981,0
P2,P2-run10,independent-equal-total,L1,30,60,16,8,8,16,0.21171279307127294,0.000976121594500514,80
P2,P2-run10,independent-per-property,LS,30,60,16,16,16,32,0.25314479272307294,0.0012388910557034223,0
P2,P2-run10,independent-per-property,L1,30,60,16,16,16,32,0.21092731016045177,0.0009761726500174247,160
