protocol,comparison,sensing,N,metric,median_a,median_b,n_a_better,n,p_value
P1,POD-E LS vs prior,wells-joint,10,rmse_p,0.028267114449070402,0.1877832311726103,10,10,0.001953125
P1,POD-E LS vs IDW,wells-joint,10,rmse_p,0.028267114449070402,0.061600727284368356,10,10,0.001953125
P1,POD-E LS vs TBMD l1,wells-joint,10,rmse_p,0.028267114449070402,0.4044911846777,10,10,0.001953125
P1,DG vs configured (POD-E LS),wells-joint,10,rmse_p,0.028267114449070402,0.051868041654935845,8,10,0.048828125
P1,DG vs random median (POD-E LS),wells-joint,10,rmse_p,0.028267114449070402,0.04573145045342845,10,10,0.001953125
P1,TBMD l1 vs prior,wells-joint,10,rmse_p,0.4044911846777,0.1877832311726103,0,10,0.001953125
P1,POD-E l1 vs prior,wells-joint,10,rmse_p,0.11480400913154334,0.1877832311726103,10,10,0.001953125
P1,POD-E l1 vs IDW,wells-joint,10,rmse_p,0.11480400913154334,0.061600727284368356,1,10,0.005859375
P1,POD-E l1 vs TBMD l1,wells-joint,10,rmse_p,0.11480400913154334,0.4044911846777,10,10,0.001953125
P1,IDW vs prior,wells-joint,10,rmse_p,0.061600727284368356,0.1877832311726103,10,10,0.001953125
P1,POD-E LS vs prior (So),wells-joint,10,rmse_so,0.0007383977506998,0.0013449976621341,10,10,0.001953125
P1,POD-E LS vs prior,wells-joint,30,rmse_p,0.0272534591655306,0.1877832311726103,10,10,0.001953125
P1,POD-E LS vs IDW,wells-joint,30,rmse_p,0.0272534591655306,0.0415421823738127,9,10,0.005859375
P1,POD-E LS vs TBMD l1,wells-joint,30,rmse_p,0.0272534591655306,0.3161456841626711,10,10,0.001953125
P1,DG vs configured (POD-E LS),wells-joint,30,rmse_p,0.0272534591655306,0.0272534591655289,3,10,0.4453125
P1,DG vs random median (POD-E LS),wells-joint,30,rmse_p,0.0272534591655306,0.0272534591655298,4,10,0.556640625
P1,TBMD l1 vs prior,wells-joint,30,rmse_p,0.3161456841626711,0.1877832311726103,0,10,0.001953125
P1,POD-E l1 vs prior,wells-joint,30,rmse_p,0.07011777800723215,0.1877832311726103,10,10,0.001953125
P1,POD-E l1 vs IDW,wells-joint,30,rmse_p,0.07011777800723215,0.0415421823738127,0,10,0.001953125
P1,POD-E l1 vs TBMD l1,wells-joint,30,rmse_p,0.07011777800723215,0.3161456841626711,10,10,0.001953125
P1,IDW vs prior,wells-joint,30,rmse_p,0.0415421823738127,0.1877832311726103,10,10,0.001953125
P1,POD-E LS vs prior (So),wells-joint,30,rmse_so,0.0007138055870514,0.0013449976621341,10,10,0.001953125
P1,QR POD-E LS vs random median,grid,10,rmse_p,0.02011085461029015,0.14985859828922687,10,10,0.001953125
P1,POD-E l1 vs POD l1,grid,10,rmse_p,0.12496093914621764,3.731693736045953,10,10,0.001953125
P1,POD-E LS vs POD LS,grid,10,rmse_p,0.02011085461029015,0.0214113938908299,6,10,0.4921875
P1,QR POD-E LS vs IDW,grid,10,rmse_p,0.02011085461029015,0.0755652173087723,10,10,0.001953125
P1,QR POD-E LS vs QR TBMD l1,grid,10,rmse_p,0.02011085461029015,0.4863323330073136,10,10,0.001953125
P1,QR POD-E LS vs random median,grid,30,rmse_p,0.02156757591272765,0.04452859577120767,10,10,0.001953125
P1,POD-E l1 vs POD l1,grid,30,rmse_p,0.0718291083875824,1.325630251638205,10,10,0.001953125
P1,POD-E LS vs POD LS,grid,30,rmse_p,0.02156757591272765,0.021937710229176302,7,10,0.275390625
P1,QR POD-E LS vs IDW,grid,30,rmse_p,0.02156757591272765,0.0737262282022978,10,10,0.001953125
P1,QR POD-E LS vs QR TBMD l1,grid,30,rmse_p,0.02156757591272765,0.3639707913654361,10,10,0.001953125
P2,POD-E LS vs prior,wells-joint,10,rmse_p,0.6133101830959771,1.2367856108654491,8,10,0.130859375
P2,POD-E LS vs IDW,wells-joint,10,rmse_p,0.6133101830959771,0.5551492195498465,5,10,0.375
P2,POD-E LS vs TBMD l1,wells-joint,10,rmse_p,0.6133101830959771,0.581841785669404,5,10,0.6953125
P2,DG vs configured (POD-E LS),wells-joint,10,rmse_p,0.6133101830959771,1.9509592037705805,9,10,0.00390625
P2,DG vs random median (POD-E LS),wells-joint,10,rmse_p,0.6133101830959771,0.8203781663894314,8,10,0.322265625
P2,TBMD l1 vs prior,wells-joint,10,rmse_p,0.581841785669404,1.2367856108654491,6,10,0.083984375
P2,POD-E l1 vs prior,wells-joint,10,rmse_p,0.32600578281100434,1.2367856108654491,10,10,0.001953125
P2,POD-E l1 vs IDW,wells-joint,10,rmse_p,0.32600578281100434,0.5551492195498465,9,10,0.013671875
P2,POD-E l1 vs TBMD l1,wells-joint,10,rmse_p,0.32600578281100434,0.581841785669404,10,10,0.001953125
P2,IDW vs prior,wells-joint,10,rmse_p,0.5551492195498465,1.2367856108654491,9,10,0.00390625
P2,POD-E LS vs prior (So),wells-joint,10,rmse_so,0.00083813568406285,0.0007760734124947,4,10,0.921875
P2,POD-E LS vs prior,wells-joint,30,rmse_p,0.192693114218631,1.2367856108654491,10,10,0.001953125
P2,POD-E LS vs IDW,wells-joint,30,rmse_p,0.192693114218631,0.27894857583244076,6,10,0.083984375
P2,POD-E LS vs TBMD l1,wells-joint,30,rmse_p,0.192693114218631,0.4167802468577553,10,10,0.001953125
P2,DG vs configured (POD-E LS),wells-joint,30,rmse_p,0.192693114218631,0.1926931142186239,3,10,0.333984375
P2,DG vs random median (POD-E LS),wells-joint,30,rmse_p,0.192693114218631,0.192693114218624,4,10,0.375
P2,TBMD l1 vs prior,wells-joint,30,rmse_p,0.4167802468577553,1.2367856108654491,10,10,0.001953125
P2,POD-E l1 vs prior,wells-joint,30,rmse_p,0.176211087550383,1.2367856108654491,10,10,0.001953125
P2,POD-E l1 vs IDW,wells-joint,30,rmse_p,0.176211087550383,0.27894857583244076,7,10,0.037109375
P2,POD-E l1 vs TBMD l1,wells-joint,30,rmse_p,0.176211087550383,0.4167802468577553,10,10,0.001953125
P2,IDW vs prior,wells-joint,30,rmse_p,0.27894857583244076,1.2367856108654491,10,10,0.001953125
P2,POD-E LS vs prior (So),wells-joint,30,rmse_so,0.0007395032508991999,0.0007760734124947,8,10,0.130859375
P2,QR POD-E LS vs random median,grid,10,rmse_p,0.25308343579985615,0.45605731793314663,9,10,0.064453125
P2,POD-E l1 vs POD l1,grid,10,rmse_p,0.3239457462640532,30.803744187006245,10,10,0.001953125
P2,POD-E LS vs POD LS,grid,10,rmse_p,0.25308343579985615,29.309321490226974,10,10,0.001953125
P2,QR POD-E LS vs IDW,grid,10,rmse_p,0.25308343579985615,0.5450910180274557,9,10,0.005859375
P2,QR POD-E LS vs QR TBMD l1,grid,10,rmse_p,0.25308343579985615,0.5933976750522907,9,10,0.005859375
P2,QR POD-E LS vs random median,grid,30,rmse_p,0.10632352573520674,0.5798160405819083,10,10,0.001953125
P2,POD-E l1 vs POD l1,grid,30,rmse_p,0.184900705414146,1.958474808360013,10,10,0.001953125
P2,POD-E LS vs POD LS,grid,30,rmse_p,0.10632352573520674,0.1059332236217609,6,10,0.322265625
P2,QR POD-E LS vs IDW,grid,30,rmse_p,0.10632352573520674,0.48958946315360385,10,10,0.001953125
P2,QR POD-E LS vs QR TBMD l1,grid,30,rmse_p,0.10632352573520674,0.4385565998487519,10,10,0.001953125
