sensing,placement,N,basis,estimator,sigma_p,rmse_p_mean,rmse_p_std,rmse_so_mean,rmse_so_std
grid,QR-POD,30,POD,L1,0.0,2.0055729580121215,0.2671912348043713,0.01816371611423034,0.003401259840595786
grid,QR-POD,30,POD,L1,0.1,2.0063230641711245,0.2664584117597467,0.018174241745245956,0.0033998177563255533
grid,QR-POD,30,POD,L1,0.5,2.023968551660662,0.2634702266366606,0.018321553315366806,0.0034302751594365503
grid,QR-POD,30,POD,L1,1.0,2.0716727325179027,0.2649041934962292,0.018666631533898567,0.0033828307760792845
grid,QR-POD,30,POD,L1,2.0,2.2345557587073093,0.238019242613877,0.020162901593331697,0.0033860683223191188
grid,QR-POD,30,POD,LS,0.0,0.12405464144210614,0.040211914654652126,0.00083259031978795,0.00018663567719727213
grid,QR-POD,30,POD,LS,0.1,0.13558801749722288,0.03757072157653067,0.00144017118749786,0.00012347275226215753
grid,QR-POD,30,POD,LS,0.5,0.28403428947393516,0.02026471324314067,0.002477370540885433,8.646913420610047e-05
grid,QR-POD,30,POD,LS,1.0,0.519095732911353,0.011621036253764358,0.004691721159318972,0.00010565773823313121
grid,QR-POD,30,POD,LS,2.0,1.0209626138965078,0.0159145644591519,0.011451242653596603,0.00026233446480514183
grid,QR-POD,30,none,IDW,0.0,0.5299475461792968,0.27241997102138527,0.0022773868722978,0.0008513527805001813
grid,QR-POD,30,none,IDW,0.1,0.5320064785096972,0.2712796908732824,0.0032852948968319995,0.0005859411867196926
grid,QR-POD,30,none,IDW,0.5,0.5722822693208378,0.25249363264158275,0.005125033555351294,0.00036141559085262683
grid,QR-POD,30,none,IDW,1.0,0.6690631589605627,0.22012405487470538,0.00940908454486466,0.0003404991660745211
grid,QR-POD,30,none,IDW,2.0,0.9466461189527828,0.1582495638896879,0.022816419700082708,0.0007354326136478909
grid,QR-POD-E,30,POD-E,L1,0.0,0.1873096388876635,0.03476972189949027,0.00131797409726805,0.00017824644563814372
grid,QR-POD-E,30,POD-E,L1,0.1,0.1909678001627622,0.032789664299016884,0.0016090190048470739,0.00016494419093626242
grid,QR-POD-E,30,POD-E,L1,0.5,0.24822259239160444,0.01865809474744097,0.0023336472792667242,0.0001285677424499125
grid,QR-POD-E,30,POD-E,L1,1.0,0.39027729278580453,0.013951516103340604,0.004122725661650615,0.00011867608223800865
grid,QR-POD-E,30,POD-E,L1,2.0,0.7967487616065643,0.0181094595677741,0.0103700139669006,0.00025136164610646734
grid,QR-POD-E,30,POD-E,LS,0.0,0.12140446345004181,0.039392791073562014,0.00080402130491992,0.0001789738320696191
grid,QR-POD-E,30,POD-E,LS,0.1,0.1338571913647259,0.03615779257009454,0.001434655672095958,0.00011109740561425218
grid,QR-POD-E,30,POD-E,LS,0.5,0.2831077890022972,0.02116136456255745,0.0024847215715187053,7.968723907185785e-05
grid,QR-POD-E,30,POD-E,LS,1.0,0.5197749822309616,0.015616854668936808,0.004702639757217704,0.0001233841308109074
grid,QR-POD-E,30,POD-E,LS,2.0,1.0206831672376475,0.017788061992255542,0.011496407783812921,0.0002458928093112133
grid,QR-POD-E,30,none,IDW,0.0,0.5289269988054173,0.26952358314939956,0.00233570527693949,0.0009009621803380358
grid,QR-POD-E,30,none,IDW,0.1,0.531169740963102,0.2688404820417094,0.0033829417166933913,0.0006414218300894505
grid,QR-POD-E,30,none,IDW,0.5,0.5695067652539006,0.24977031152441995,0.005316688251160493,0.0004505073023093037
grid,QR-POD-E,30,none,IDW,1.0,0.6649593677648148,0.21790214128273533,0.009654230039659243,0.0003607991577139867
grid,QR-POD-E,30,none,IDW,2.0,0.9466242930523249,0.16170493650717035,0.023582211481993662,0.0008172301090523296
grid,QR-TBMD,30,TBMD,L1,0.0,0.4528562177466542,0.06829304515824891,0.00467708643453977,0.0002658348130445096
grid,QR-TBMD,30,TBMD,L1,0.1,0.4540425998855132,0.0680497127457263,0.004775491838480745,0.00025416460227039325
grid,QR-TBMD,30,TBMD,L1,0.5,0.47568460382407035,0.06194994403634804,0.005069785592838297,0.0002139888756788563
grid,QR-TBMD,30,TBMD,L1,1.0,0.5608103704371552,0.05410646585404192,0.006094534621465734,0.0001678917339891788
grid,QR-TBMD,30,TBMD,L1,2.0,0.8849160919052748,0.04180650434090017,0.010887428139440379,0.00020570921425921307
grid,QR-TBMD,30,TBMD,LS,0.0,0.423783265042274,0.05590290920351087,0.00473270573402154,0.0002936373108897441
grid,QR-TBMD,30,TBMD,LS,0.1,0.4282459041677516,0.055394502803219836,0.004867822304291985,0.0002848778871384523
grid,QR-TBMD,30,TBMD,LS,0.5,0.5038373665591755,0.04949613420465556,0.005274307511959029,0.0002455504866026709
grid,QR-TBMD,30,TBMD,LS,1.0,0.6896040047184386,0.043226824866496955,0.006612210728338781,0.00020575828354923612
grid,QR-TBMD,30,TBMD,LS,2.0,1.1599444911168473,0.03890951332061038,0.012115983019249644,0.00029586312908386816
grid,QR-TBMD,30,none,IDW,0.0,0.4590656486239565,0.2215772075112097,0.0019526951477199,0.0009108678699551109
grid,QR-TBMD,30,none,IDW,0.1,0.46187228923325974,0.2197571284102062,0.0031161769258317693,0.0006803687022985912
grid,QR-TBMD,30,none,IDW,0.5,0.5123733808387789,0.19438415606504295,0.005040281667189616,0.0004907523178882653
grid,QR-TBMD,30,none,IDW,1.0,0.6360759177277456,0.16034947849476705,0.009351578105103252,0.0004968126792889039
grid,QR-TBMD,30,none,IDW,2.0,0.9655346051998904,0.11121414291183959,0.02296199990514284,0.000905899189757924
none,ensemble-mean,0,none,prior,0.0,1.1481464013873708,0.5580050971444969,0.0008386444083656301,0.00021333180817639848
wells-joint,DG-POD,10,POD,L1,0.0,10.687192601286768,2.9198849580011035,0.02264117478709977,0.002212573081147198
wells-joint,DG-POD,10,POD,L1,0.1,10.690743271262667,2.9198151139326205,0.02264457615010347,0.002212736098549622
wells-joint,DG-POD,10,POD,L1,0.5,10.711520297115536,2.921946099418055,0.02265888777261081,0.0021848137654818553
wells-joint,DG-POD,10,POD,L1,1.0,10.766863590792706,2.9250331962300873,0.02274943132396494,0.002174871456895895
wells-joint,DG-POD,10,POD,L1,2.0,11.087563189812808,2.9026518369292593,0.02338161874903881,0.001617866555411686
wells-joint,DG-POD,10,POD,LS,0.0,0.7007611633235749,0.30224689031786944,0.0008610929966749202,0.0003178882725960176
wells-joint,DG-POD,10,POD,LS,0.1,1.4415301121767927,0.40399073028837107,0.0017802903490939993,0.00024787684936879265
wells-joint,DG-POD,10,POD,LS,0.5,2.6755191637098896,0.7131337499974174,0.0032032908077642918,0.00032153067967575296
wells-joint,DG-POD,10,POD,LS,1.0,5.2467737098934215,1.4218060738138356,0.006184707113517732,0.0005788915213010273
wells-joint,DG-POD,10,POD,LS,2.0,12.82445383717519,3.4634391606868307,0.015324711300276395,0.0013931017863448463
wells-joint,DG-POD,10,none,IDW,0.0,0.5835484115677619,0.2602426701239725,0.0016418624707385799,0.0005507164613689129
wells-joint,DG-POD,10,none,IDW,0.1,0.5860160554809553,0.25906127205740254,0.002878977220079447,0.0003651572652080988
wells-joint,DG-POD,10,none,IDW,0.5,0.6317852472174449,0.23358299547086436,0.004889966402694746,0.0002393221373702215
wells-joint,DG-POD,10,none,IDW,1.0,0.7528358648205391,0.18996069702277832,0.009259900881785976,0.00021967264650512815
wells-joint,DG-POD,10,none,IDW,2.0,1.0992047404799554,0.1404414899494142,0.022719054225398556,0.00048496643856402866
wells-joint,DG-POD,30,POD,L1,0.0,1.035868378557473,0.23733975339648006,0.006357651941324741,0.0014647026808054149
wells-joint,DG-POD,30,POD,L1,0.1,1.03684253120681,0.23697895685263612,0.006361505259695819,0.001458562410415543
wells-joint,DG-POD,30,POD,L1,0.5,1.0444079825201817,0.23381823571613905,0.006382673265110807,0.0014459325102576426
wells-joint,DG-POD,30,POD,L1,1.0,1.0741127825676764,0.2298502521620968,0.006481815271965588,0.0013468490340759285
wells-joint,DG-POD,30,POD,L1,2.0,1.2114723777139011,0.19755689302958834,0.007601093623656627,0.0010199264597999579
wells-joint,DG-POD,30,POD,LS,0.0,0.17860573601871366,0.087050223774522,0.0007447020258177499,0.00018662571973380348
wells-joint,DG-POD,30,POD,LS,0.1,0.19545058551906144,0.07729180107589988,0.001104563314247246,0.00012395127939328785
wells-joint,DG-POD,30,POD,LS,0.5,0.3698509927086431,0.030857452318372922,0.0017917333887102409,7.199719097072905e-05
wells-joint,DG-POD,30,POD,LS,1.0,0.6706703160770868,0.01472973765033396,0.0033025356686215493,6.196669318950388e-05
wells-joint,DG-POD,30,POD,LS,2.0,1.3353516566036387,0.04630117043960131,0.007878265316603678,0.00021695746144443764
wells-joint,DG-POD,30,none,IDW,0.0,0.3126941400566623,0.16468255193055137,0.00078002906950278,0.00019747896357316864
wells-joint,DG-POD,30,none,IDW,0.1,0.3167446890915554,0.162239771882759,0.002194837835306121,8.776865912321109e-05
wells-joint,DG-POD,30,none,IDW,0.5,0.38656415010916134,0.1346491145799123,0.004127761853630533,5.6199670830784905e-05
wells-joint,DG-POD,30,none,IDW,1.0,0.5296923278543894,0.1024171898530593,0.008083099972488442,6.467340013457842e-05
wells-joint,DG-POD,30,none,IDW,2.0,0.8832060036883409,0.06418315890776052,0.020143981680495457,0.00012208237994263023
wells-joint,DG-POD-E,10,POD-E,L1,0.0,0.3514581959420976,0.09673564262412808,0.00107550761261085,0.0002016528871944541
wells-joint,DG-POD-E,10,POD-E,L1,0.1,0.355631298220021,0.09553325570745817,0.001351553085040071,0.00017509027408894604
wells-joint,DG-POD-E,10,POD-E,L1,0.5,0.42478131731940927,0.07746753586792972,0.001934063217657711,0.0001547636108476048
wells-joint,DG-POD-E,10,POD-E,L1,1.0,0.5988341665905914,0.053280576508933065,0.0033951142899665996,0.00016750865470191955
wells-joint,DG-POD-E,10,POD-E,L1,2.0,1.1847605320125223,0.06485833789332719,0.008613622305273077,0.0002799872360411808
wells-joint,DG-POD-E,10,POD-E,LS,0.0,0.7790650332824841,0.44831108359598887,0.0008222999535561499,0.00018544575830573142
wells-joint,DG-POD-E,10,POD-E,LS,0.1,1.6191804403163796,0.6627929370554569,0.001702701747165427,0.0001484765882635137
wells-joint,DG-POD-E,10,POD-E,LS,0.5,3.0017750606089093,1.385348657745927,0.003095674450339747,0.00030850208875145263
wells-joint,DG-POD-E,10,POD-E,LS,1.0,5.678960016621394,2.579186789687154,0.005934363511849036,0.0005636079893571095
wells-joint,DG-POD-E,10,POD-E,LS,2.0,14.008893017778124,6.93526162250178,0.014663149503414352,0.0015709586555971052
wells-joint,DG-POD-E,10,none,IDW,0.0,0.5802144432835887,0.2402999871536621,0.00164286826887198,0.0005283617241391171
wells-joint,DG-POD-E,10,none,IDW,0.1,0.5831930738737552,0.23899175503112158,0.002887676137265382,0.0003558120479054031
wells-joint,DG-POD-E,10,none,IDW,0.5,0.6296395231876367,0.21397688638551243,0.004914745207540152,0.0002710170506482365
wells-joint,DG-POD-E,10,none,IDW,1.0,0.7489983918363138,0.1764441515279701,0.009248041479430808,0.00024314144170772654
wells-joint,DG-POD-E,10,none,IDW,2.0,1.089185790255707,0.12074372170017082,0.022748375791600238,0.00048288474947101085
wells-joint,DG-POD-E,30,POD-E,L1,0.0,0.1900949654229806,0.03289956667563287,0.0008692704337590399,0.00012304666306709247
wells-joint,DG-POD-E,30,POD-E,L1,0.1,0.19203001527328517,0.03251193245261581,0.00106666324655197,0.00011463488076278516
wells-joint,DG-POD-E,30,POD-E,L1,0.5,0.23679964315465218,0.03218967415759325,0.001507880517096108,9.516905629282394e-05
wells-joint,DG-POD-E,30,POD-E,L1,1.0,0.35541182119742165,0.02816516298429792,0.0026224350539661516,6.814926831403097e-05
wells-joint,DG-POD-E,30,POD-E,L1,2.0,0.7277202892260648,0.019879864299276524,0.006519552205302671,0.00010321854941300148
wells-joint,DG-POD-E,30,POD-E,LS,0.0,0.17860573601870794,0.08705022377452201,0.00074470202581774,0.00018662571973378957
wells-joint,DG-POD-E,30,POD-E,LS,0.1,0.19549037210869896,0.07677497893558664,0.001098329670214139,0.00012159352049304095
wells-joint,DG-POD-E,30,POD-E,LS,0.5,0.37157931303799296,0.033768826932009,0.001798667954223157,7.621199738680122e-05
wells-joint,DG-POD-E,30,POD-E,LS,1.0,0.6672151767098828,0.012848338110917906,0.0032991997440269746,5.8385929315602124e-05
wells-joint,DG-POD-E,30,POD-E,LS,2.0,1.3328033282342662,0.035338439379991246,0.007891161040482866,0.00024332908984409262
wells-joint,DG-POD-E,30,none,IDW,0.0,0.3126941400566623,0.16468255193055137,0.00078002906950278,0.00019747896357316864
wells-joint,DG-POD-E,30,none,IDW,0.1,0.31696113089891176,0.1622583654146541,0.002190431766304555,8.999232250100774e-05
wells-joint,DG-POD-E,30,none,IDW,0.5,0.386699396186029,0.13427199515161065,0.004113260374296302,4.10733524906562e-05
wells-joint,DG-POD-E,30,none,IDW,1.0,0.5311937303291516,0.10221912131919308,0.008107528844964906,3.746539341504042e-05
wells-joint,DG-POD-E,30,none,IDW,2.0,0.8799435436840424,0.06413642093153214,0.020152659415769034,0.000146008052954384
wells-joint,DG-TBMD,10,TBMD,L1,0.0,0.6363513011479408,0.12773520884687734,0.00435302956830247,6.295845891237643e-05
wells-joint,DG-TBMD,10,TBMD,L1,0.1,0.6378332126482348,0.12674363484625129,0.004441703354201904,6.290645399409591e-05
wells-joint,DG-TBMD,10,TBMD,L1,0.5,0.66421113064256,0.10370506757444847,0.004702772664047765,5.4302072165562354e-05
wells-joint,DG-TBMD,10,TBMD,L1,1.0,0.7699321680299733,0.0729307300789547,0.005599003700029228,5.851137146800968e-05
wells-joint,DG-TBMD,10,TBMD,L1,2.0,1.248276864256428,0.05269378364134109,0.009942394921925847,0.00013016019786970187
wells-joint,DG-TBMD,10,TBMD,LS,0.0,1.2664344286548657,0.37841288640183096,0.00450806569856433,0.00018318979171026765
wells-joint,DG-TBMD,10,TBMD,LS,0.1,1.5703253964089088,0.4285675550761603,0.004810142700015204,0.00018195871930967044
wells-joint,DG-TBMD,10,TBMD,LS,0.5,2.3790529636822297,0.7645697849874813,0.005625486752393819,0.00019297764040802925
wells-joint,DG-TBMD,10,TBMD,LS,1.0,4.226534105020239,1.4927016196578928,0.008034692594996938,0.00033247307344222795
wells-joint,DG-TBMD,10,TBMD,LS,2.0,9.839787652986313,3.814608473193197,0.016925970485421143,0.0007766279931591819
wells-joint,DG-TBMD,10,none,IDW,0.0,0.5472171289430443,0.24940604309134762,0.0015546010175875899,0.0005118499929190162
wells-joint,DG-TBMD,10,none,IDW,0.1,0.5500708649687406,0.24774055210370893,0.0028174251630460113,0.0003319436417914419
wells-joint,DG-TBMD,10,none,IDW,0.5,0.6034845434879006,0.22109100753724356,0.004859816299521068,0.00020314907520826186
wells-joint,DG-TBMD,10,none,IDW,1.0,0.7250784375181318,0.1845889645842152,0.009307557440155507,0.00015912497923764997
wells-joint,DG-TBMD,10,none,IDW,2.0,1.0804055960106063,0.1303660110286183,0.02287216342721583,0.0004218862748431241
wells-joint,DG-TBMD,30,TBMD,L1,0.0,0.4323187181504916,0.06033738423636444,0.00425074497419094,2.365316418593749e-05
wells-joint,DG-TBMD,30,TBMD,L1,0.1,0.43372160855794667,0.05994575457828838,0.004303033638569147,2.45240200343691e-05
wells-joint,DG-TBMD,30,TBMD,L1,0.5,0.45324285212157445,0.05741895248893677,0.004464611186717865,2.628297760196868e-05
wells-joint,DG-TBMD,30,TBMD,L1,1.0,0.5259342878345319,0.05113788852097763,0.005028026289583754,4.0800150129658775e-05
wells-joint,DG-TBMD,30,TBMD,L1,2.0,0.8291852145244512,0.036140219054157534,0.008099540793708972,9.080034848562611e-05
wells-joint,DG-TBMD,30,TBMD,LS,0.0,0.43230391496112947,0.049770537717865146,0.00424163912217312,3.177363223125108e-05
wells-joint,DG-TBMD,30,TBMD,LS,0.1,0.4404259066662455,0.048591304635655724,0.004336134175613341,3.293916468428147e-05
wells-joint,DG-TBMD,30,TBMD,LS,0.5,0.5402352108372634,0.04024698722094352,0.00464113983552562,4.573703317924883e-05
wells-joint,DG-TBMD,30,TBMD,LS,1.0,0.7655062895757261,0.03160807833471875,0.005620241897141311,7.02401401707859e-05
wells-joint,DG-TBMD,30,TBMD,LS,2.0,1.3712152880890722,0.034286448972163056,0.009831792481575596,0.00015612727883753077
wells-joint,DG-TBMD,30,none,IDW,0.0,0.3126941400566623,0.1646825519305514,0.00078002906950278,0.00019747896357316864
wells-joint,DG-TBMD,30,none,IDW,0.1,0.31693267759907673,0.16232888091489614,0.002192484341624727,8.652341183280199e-05
wells-joint,DG-TBMD,30,none,IDW,0.5,0.38716598321414886,0.13465628380975042,0.004120982767375754,6.263843084668891e-05
wells-joint,DG-TBMD,30,none,IDW,1.0,0.5291320294987545,0.10233305421997069,0.008103242931794884,5.543327037390643e-05
wells-joint,DG-TBMD,30,none,IDW,2.0,0.8814374700714371,0.06350493400208063,0.020211201910437536,0.00012719266700385808
wells-joint,configured,10,POD,L1,0.0,4.223934682250305,0.8722484248830296,0.02984992298639639,0.003849173615517878
wells-joint,configured,10,POD,L1,0.1,4.226680088764221,0.8716716534610923,0.029862293432001103,0.0038367469978079893
wells-joint,configured,10,POD,L1,0.5,4.245489740445485,0.8736249891231005,0.029928801942613048,0.003786424840966623
wells-joint,configured,10,POD,L1,1.0,4.315002066206543,0.8763735438650718,0.030160747206129546,0.0036327833610927474
wells-joint,configured,10,POD,L1,2.0,4.643907197029323,0.9019227428760703,0.03130644960508493,0.003433654390899141
wells-joint,configured,10,POD,LS,0.0,2.4975836702910192,1.5455925261151287,0.0027874692679099498,0.0015167766097249717
wells-joint,configured,10,POD,LS,0.1,43.908213086013376,16.397346588339396,0.05658714276495731,0.03052977499797169
wells-joint,configured,10,POD,LS,0.5,95.02352152236907,32.35563813452827,0.12039760457405908,0.0614726112114238
wells-joint,configured,10,POD,LS,1.0,187.96666085852257,62.68631965025154,0.23862218620488695,0.11914750423389815
wells-joint,configured,10,POD,LS,2.0,458.15822051266423,156.9939204166656,0.578920257738285,0.29180097997445226
wells-joint,configured,10,POD-E,L1,0.0,0.3136446083134298,0.07040514356467807,0.00179451414764349,0.0001273660481191814
wells-joint,configured,10,POD-E,L1,0.1,0.31703318942280534,0.06822689899982975,0.0020346884668760437,9.853252883469206e-05
wells-joint,configured,10,POD-E,L1,0.5,0.3849090550991889,0.05540338940891359,0.002695709522597303,9.327033116784375e-05
wells-joint,configured,10,POD-E,L1,1.0,0.5468234510790545,0.05303970406550579,0.00472323790619463,0.0001412468673341167
wells-joint,configured,10,POD-E,L1,2.0,1.0688197663981112,0.05392406445778924,0.012071167830518339,0.00029210173084294304
wells-joint,configured,10,POD-E,LS,0.0,2.4975836702904557,1.5455925261145502,0.00278746926790986,0.0015167766097248922
wells-joint,configured,10,POD-E,LS,0.1,43.908213086018186,16.397346588347233,0.05658714276496415,0.030529774997981537
wells-joint,configured,10,POD-E,LS,0.5,95.02352152237849,32.355638134544,0.12039760457407242,0.06147261121144296
wells-joint,configured,10,POD-E,LS,1.0,187.96666085854224,62.68631965028278,0.2386221862049145,0.11914750423393672
wells-joint,configured,10,POD-E,LS,2.0,458.1582205127138,156.9939204167425,0.5789202577383535,0.29180097997454774
wells-joint,configured,10,TBMD,L1,0.0,0.4713936276702797,0.06966610794961382,0.004686479430556461,9.84561003155694e-05
wells-joint,configured,10,TBMD,L1,0.1,0.47422005631740954,0.06984628473712746,0.004803767804946233,8.04396094335657e-05
wells-joint,configured,10,TBMD,L1,0.5,0.5233585321690584,0.06712771797939707,0.005168347095345124,5.390159673999838e-05
wells-joint,configured,10,TBMD,L1,1.0,0.6513948380071328,0.06559696680176207,0.006635090357483034,0.0001050735638682605
wells-joint,configured,10,TBMD,L1,2.0,1.1044675789438831,0.05797843428235393,0.013407466689904095,0.00026524739030188725
wells-joint,configured,10,TBMD,LS,0.0,6.815707750281621,6.018150561792408,0.01787359291871769,0.011529274158345083
wells-joint,configured,10,TBMD,LS,0.1,9.759584621630628,6.040049892140949,0.029384031393481513,0.011974193418126177
wells-joint,configured,10,TBMD,LS,0.5,17.69025278324121,7.935237899498291,0.05273372370039429,0.01710205206539029
wells-joint,configured,10,TBMD,LS,1.0,33.56541103681922,13.814850254629773,0.10061558597077262,0.030859547374264485
wells-joint,configured,10,TBMD,LS,2.0,78.85606587131014,33.75218146221471,0.24201443654729723,0.07351360457969515
wells-joint,configured,10,none,IDW,0.0,0.37216103152593316,0.16294011568199449,0.00086543618197028,0.0001721178462309422
wells-joint,configured,10,none,IDW,0.1,0.37678445730812954,0.16124504324812078,0.00263099067133797,7.656884798057381e-05
wells-joint,configured,10,none,IDW,0.5,0.46077559381573374,0.135970639147783,0.004980131839206784,5.442400180380264e-05
wells-joint,configured,10,none,IDW,1.0,0.6344207822939368,0.10585047269513484,0.009841635859803594,0.00010120759766625216
wells-joint,configured,10,none,IDW,2.0,1.065240733117464,0.06498866211359801,0.024367292017159058,0.00023803094581903092
wells-joint,configured,30,POD,L1,0.0,1.0358683785574756,0.237339753396478,0.00635765194132476,0.0014647026808054578
wells-joint,configured,30,POD,L1,0.1,1.0366812930715839,0.2366925868674684,0.00636450714621047,0.0014644687297886518
wells-joint,configured,30,POD,L1,0.5,1.045019220962274,0.2345214047885219,0.006389806193644899,0.001441451771324405
wells-joint,configured,30,POD,L1,1.0,1.0736688906114338,0.22519889218671088,0.006486027844981576,0.0013736529737204128
wells-joint,configured,30,POD,L1,2.0,1.2067133042287845,0.20106274153956494,0.007621726385929133,0.0009506122168749653
wells-joint,configured,30,POD,LS,0.0,0.178605736018707,0.08705022377452395,0.0007447020258177599,0.0001866257197337872
wells-joint,configured,30,POD,LS,0.1,0.19589421541688307,0.07724788497524027,0.001096977329138502,0.0001209086782552879
wells-joint,configured,30,POD,LS,0.5,0.3698915912774499,0.03375857598071247,0.0017921212082350059,6.939269442891758e-05
wells-joint,configured,30,POD,LS,1.0,0.6722933409258639,0.01135166617075296,0.003312237604629048,7.014245084724174e-05
wells-joint,configured,30,POD,LS,2.0,1.3462038795201416,0.04492848549532759,0.007935141487392565,0.00019362731046596645
wells-joint,configured,30,POD-E,L1,0.0,0.19009496542298635,0.03289956667563592,0.0008692704337590399,0.00012304666306709247
wells-joint,configured,30,POD-E,L1,0.1,0.19197913536801892,0.03296221793101249,0.001068293896241212,0.00011071841421905122
wells-joint,configured,30,POD-E,L1,0.5,0.23852546112005818,0.033743295616408146,0.001510503531278024,9.748958216802825e-05
wells-joint,configured,30,POD-E,L1,1.0,0.35690165573469657,0.027465905203769625,0.002640057016251863,5.142536358167686e-05
wells-joint,configured,30,POD-E,L1,2.0,0.7329990098350028,0.020174854091819086,0.006572372019456737,9.733718968106459e-05
wells-joint,configured,30,POD-E,LS,0.0,0.17860573601870597,0.08705022377451735,0.0007447020258177499,0.0001866257197337743
wells-joint,configured,30,POD-E,LS,0.1,0.19589421541688307,0.07724788497523306,0.001096977329138508,0.00012090867825527683
wells-joint,configured,30,POD-E,LS,0.5,0.36989159127744864,0.03375857598071152,0.0017921212082350102,6.939269442892227e-05
wells-joint,configured,30,POD-E,LS,1.0,0.6722933409258638,0.011351666170753536,0.0033122376046290556,7.014245084724137e-05
wells-joint,configured,30,POD-E,LS,2.0,1.3462038795201412,0.044928485495328185,0.00793514148739263,0.00019362731046596127
wells-joint,configured,30,TBMD,L1,0.0,0.43231871815049167,0.06033738423636439,0.00425074497419094,2.365316418593749e-05
wells-joint,configured,30,TBMD,L1,0.1,0.4335093209036701,0.060157242939802964,0.004303832008507999,2.410173564831188e-05
wells-joint,configured,30,TBMD,L1,0.5,0.45530746377590037,0.05735481311465495,0.004458890511830796,3.102688800803899e-05
wells-joint,configured,30,TBMD,L1,1.0,0.5266946539024143,0.049957202209837834,0.005038228935845436,3.099701201321239e-05
wells-joint,configured,30,TBMD,L1,2.0,0.8253345895991335,0.03743029675513673,0.008101545521237524,8.735729515164867e-05
wells-joint,configured,30,TBMD,LS,0.0,0.4323039149611293,0.049770537717864674,0.00424163912217312,3.177363223125108e-05
wells-joint,configured,30,TBMD,LS,0.1,0.44065079310098004,0.04856819694272878,0.004336606524963727,3.239038935554293e-05
wells-joint,configured,30,TBMD,LS,0.5,0.5413847528258374,0.03936828850629831,0.004636856788468421,4.0449701251417874e-05
wells-joint,configured,30,TBMD,LS,1.0,0.7725827943921109,0.03429391662912102,0.00562865446417136,7.346335391003454e-05
wells-joint,configured,30,TBMD,LS,2.0,1.3668432631400944,0.03994868187459599,0.00981279402500406,0.00019447663650908322
wells-joint,configured,30,none,IDW,0.0,0.3126941400566623,0.16468255193055137,0.00078002906950278,0.00019747896357316864
wells-joint,configured,30,none,IDW,0.1,0.3169081387170785,0.1623273241851354,0.002192119770699738,8.947342773518755e-05
wells-joint,configured,30,none,IDW,0.5,0.38665188763162545,0.1344202959324456,0.0041251992837410675,5.784875751933432e-05
wells-joint,configured,30,none,IDW,1.0,0.5305965088350704,0.10384106237420056,0.00811484926480819,4.3335449400584364e-05
wells-joint,configured,30,none,IDW,2.0,0.8787321231739569,0.0644554709627436,0.0201804184267581,6.408642280752086e-05
