outer_fold,capacity_regime,geometry,budget,delta_anomaly_relative_frobenius_p,delta_anomaly_ssim_p,delta_rmse_p,delta_anomaly_relative_frobenius_so,delta_anomaly_ssim_so,delta_rmse_so
,,,,,,,,,
1,equal_per_property,grid,30,-1.2288352258858175,-0.5296852978956378,-0.9410374807581807,-0.10667043899298179,0.05055905319414211,-8.001968030280006e-05
1,equal_per_property,grid,100,-0.1442854809662818,0.10095947948323736,-0.11049328881389722,0.14149186079234588,0.0034733120704361076,0.00010614124749960005
1,equal_per_property,grid,300,-0.0556535399503552,0.018608870262502797,-0.0426192754951375,0.07274931846914734,0.004090045636546025,5.45734812859e-05
1,equal_per_property,wells,5,0.07196438429107677,0.04910417973182024,0.05511005989331952,-3.652021324880419,0.12333643152140639,-0.0027395929147264997
1,equal_per_property,wells,10,0.08189530360563091,0.018006905915375904,0.0627151212526603,-0.4442380509004782,0.02914556226558318,-0.0003332487158296
1,equal_per_property,wells,15,-0.02455516883427769,0.12762107835281022,-0.018804257668267405,-0.10117085159626149,0.012880987250119325,-7.589412096850004e-05
1,equal_per_property,wells,20,-0.1655107751894772,0.2575254598388119,-0.1267475407944659,-0.0790246267563155,0.0015802507388009701,-5.928095383110003e-05
1,equal_per_property,wells,30,-0.15247104329787597,0.14757552295237597,-0.1167617622372236,-0.04983148813994498,0.01686768831899077,-3.738148813879996e-05
1,equal_total,grid,30,-1.2288352221910281,-0.5296853178985711,-0.9410374779287247,-0.10667043899361128,0.0505590531941611,-8.001968030329999e-05
1,equal_total,grid,100,-0.035621013602952584,0.005149902618077684,-0.02727844075173841,-0.21559118931390175,0.07293463865132677,-0.0001617274495902
1,equal_total,grid,300,-0.06022749182895701,0.029219323678410403,-0.04612199096282409,-0.10098380458942563,0.041542433766396436,-7.575380616490004e-05
1,equal_total,wells,5,0.288018694446718,0.0356557733167,0.22056365322537097,-3.5808049524647627,0.12105590155725998,-0.0026861693851449
1,equal_total,wells,10,0.08189534369755957,0.0180069042797677,0.0627151519549114,-0.4442380509004875,0.029145562265585623,-0.0003332487158296
1,equal_total,wells,15,-0.020543288044318708,0.12821657291102784,-0.01573197416584432,-0.10117085159626105,0.012880987250124432,-7.589412096850004e-05
1,equal_total,wells,20,-0.16409800205969438,0.2595471311948092,-0.1256656443457574,-0.07902462675632393,0.00158025073879553,-5.928095383110003e-05
1,equal_total,wells,30,-0.1096385186603242,0.10106730265591402,-0.0839607729504959,-0.049823906493375425,0.01686660231675552,-3.737580070610003e-05
2,equal_per_property,grid,30,-1.6127606202117033,0.8386624561416662,-1.0707783959794768,-1.1363872141196059,0.15765267768604385,-0.0009176518667236
2,equal_per_property,grid,100,-0.0889979654557872,0.08186120845327438,-0.059089425610897695,-0.3633982399115162,0.12152025447690584,-0.00029345021580269993
2,equal_per_property,grid,300,-0.0679085965904849,0.012728608955124399,-0.045087322457583096,-0.21367503363563978,0.08361551582219118,-0.00017254619820749998
2,equal_per_property,wells,5,-0.24738454959224737,0.3991457367717286,-0.1642488214820871,-4.0505816288307885,0.1593379204500358,-0.0032709130715558
2,equal_per_property,wells,10,-0.07042545794616212,0.14950585122186733,-0.04675837067860231,-0.10894903152696722,0.05994649351785031,-8.797818289070004e-05
2,equal_per_property,wells,15,-0.04306938282890291,0.07337140278236931,-0.028595542378325706,-0.3427081512128951,0.08649537364939197,-0.0002767426197641
2,equal_per_property,wells,20,-0.059105528185188494,0.040860039338770804,-0.039242601704490995,-0.18288651305360082,0.07465830918582439,-0.00014768394788059998
2,equal_per_property,wells,30,-0.04203725629870589,0.027884378388337794,-0.0279102709396499,-0.2601522736344395,0.07024861375867808,-0.00021007735441480005
2,equal_total,grid,30,-1.5974412692227502,0.8334399051222718,-1.0606072460432603,-0.8944740545972045,0.12030883519927216,-0.0007223029049767
2,equal_total,grid,100,-0.12439747913252902,0.16241518347138284,-0.0825926250306971,-0.019409493015036028,0.06255842331335426,-1.5673493397399987e-05
2,equal_total,grid,300,-0.05796009720558609,0.02382020240256677,-0.03848210276145339,-0.13228141872545363,0.06450767719241712,-0.00010681947959109998
2,equal_total,wells,5,-0.13122841038541067,0.3388929801546392,-0.08712796246288618,-4.040004591067194,0.1586724573408691,-0.0032623719349364998
2,equal_total,wells,10,0.06676850517674426,0.11888790748702849,0.04433036867288892,-0.5596126880335908,0.05616670197246898,-0.0004518966963335001
2,equal_total,wells,15,-0.035370764786468584,0.0690003003260018,-0.023484111843982497,-0.38219525442492897,0.03534718681762117,-0.0003086291224665001
2,equal_total,wells,20,0.0189166242335978,-0.014143628021284771,0.012559528240179502,-0.41232198975610634,0.02479110843852994,-0.0003329569700271001
2,equal_total,wells,30,-0.11006711499209018,0.05486335408184817,-0.07307810431646579,-0.16951785213281167,0.040173832291634404,-0.00013688852841690002
3,equal_per_property,grid,30,-0.38689653054008516,0.1339197992190987,-0.48797410378441103,-0.12245653483738539,0.0714101068382147,-9.38048850436e-05
3,equal_per_property,grid,100,-0.0270309308903672,0.0025214156089853335,-0.034092821295844296,0.12151314089759574,0.014499296286556329,9.308222079219998e-05
3,equal_per_property,grid,300,-0.0193760390639469,0.002426718367642522,-0.024438072070386903,0.16401095517757236,-0.02209945556791293,0.00012563664990800002
3,equal_per_property,wells,5,0.24713243481106617,-0.08690354092698394,0.31169632931225016,-6.1448994655990745,0.12547221798548736,-0.0047071525316332
3,equal_per_property,wells,10,-0.0687004054556925,0.016396486380441,-0.0866485381377538,-0.46741192883444593,0.08581386001533686,-0.0003580496729761
3,equal_per_property,wells,15,-0.03180711985095509,0.002646011830250816,-0.040116800172818004,-0.06703340120715362,0.005509535987142766,-5.134932572329991e-05
3,equal_per_property,wells,20,-0.0407655781423925,0.0033450202890389358,-0.051415675481810405,-0.07402267429394804,0.007685487643121047,-5.6703290371399955e-05
3,equal_per_property,wells,30,-0.058245145987194595,0.005123862287101821,-0.0734618190378132,-0.043899482506900345,0.002538722741517896,-3.362814336939997e-05
3,equal_total,grid,30,-0.38689653260234497,0.133919799494445,-0.48797410638544075,-0.12245653483675378,0.07141010683813287,-9.380488504309996e-05
3,equal_total,grid,100,0.017309760022820392,3.906875952719435e-05,0.021831973065428903,0.12151083233035215,0.01449954357372596,9.308045236980004e-05
3,equal_total,grid,300,-0.014304791813669698,-0.0008809366732710489,-0.018041950273769203,-0.03474771035378649,0.014331085068001626,-2.6617648291199985e-05
3,equal_total,wells,5,0.22241005475555808,-0.09394721286654395,0.280515172856379,-6.177366124440585,0.12903285513092821,-0.0047320228352427
3,equal_total,wells,10,-0.1074976137568064,0.02280408856163474,-0.1355816028091923,-0.2433628859820054,0.04797716409660613,-0.00018642228913079992
3,equal_total,wells,15,-0.024298293610783603,0.0012678216414533372,-0.030646276490670615,-0.06703340120718271,0.00550953598713988,-5.134932572339998e-05
3,equal_total,wells,20,-0.016413473465220707,1.799222747367324e-05,-0.020701529664790913,-0.07401075986619399,0.007683900801709886,-5.6694163610400005e-05
3,equal_total,wells,30,-0.02207466511032051,0.0025589538608830065,-0.02784172013254499,-0.043895232541746654,0.002537966926875468,-3.362488778569999e-05
4,equal_per_property,grid,30,-3.3607697689959855,0.7111953286722978,-1.8184864965720924,-1.084675385493588,0.10900326714584829,-0.0008366122414642
4,equal_per_property,grid,100,-0.24014729564681178,0.1605468641032476,-0.12994184200023218,-0.06414087121631795,0.05866512332880469,-4.9471979133500015e-05
4,equal_per_property,grid,300,-0.19848342901930288,0.11512776177237727,-0.10739784640849001,0.002388828161652201,0.041134036336748725,1.8425078227000697e-06
4,equal_per_property,wells,5,-0.4715067353433532,0.1681920561573208,-0.2551286431979634,-9.69803424475292,0.1703132028465819,-0.007480112737698601
4,equal_per_property,wells,10,-0.22246193461407116,0.25804355248592425,-0.12037243009890791,-0.4371336613073318,0.054243565235602476,-0.0003371620459878999
4,equal_per_property,wells,15,-0.21516263079870412,0.09932929276082902,-0.11642283332941922,-0.4870601859303243,0.03397321393625441,-0.0003756704718561999
4,equal_per_property,wells,20,-0.15122688361727152,0.07571431329249556,-0.0818276956409435,-0.4733633643943449,0.027316837418029816,-0.00036510608667749995
4,equal_per_property,wells,30,-0.19461479526256,0.05897264175450623,-0.10530455864099111,-0.10619722615527571,0.036529106326563254,-8.191012776659996e-05
4,equal_total,grid,30,-3.3561936260219563,0.7061458650662864,-1.8160103810459933,-1.2042405568526757,0.1356904073136127,-0.0009288330914526
4,equal_total,grid,100,-0.016385053675791017,0.009586327341043588,-0.008865825659916005,-0.24007304259049533,0.07458636572035904,-0.00018516880622799998
4,equal_total,grid,300,-0.0665358726221757,0.014008653755032463,-0.0360020454293761,-0.16253851176871825,0.05465492014764184,-0.00012536627130450004
4,equal_total,wells,5,-0.17015515794046754,0.08858613572708485,-0.09206963829874931,-9.895485517948657,0.1795921701489025,-0.007632407290020299
4,equal_total,wells,10,0.1466429987016934,0.2204827765002524,0.07934739101022514,-0.12187153340239498,0.0364044235727794,-9.399975153309985e-05
4,equal_total,wells,15,-0.07768181906619243,0.0687625160191142,-0.04203303073724962,-0.4506594219157638,0.033611087404849416,-0.0003475944915393999
4,equal_total,wells,20,0.025901307755276826,0.02005061919436124,0.014014997049500405,0.7161810021702342,0.004470565537246229,0.0005523918045278
4,equal_total,wells,30,0.5955069146127447,-0.1998700581784797,0.3222241799568746,0.6724934587788947,0.004698441305715284,0.0005186955170582999
5,equal_per_property,grid,30,-0.4199909783351194,0.09852883948819668,-0.824077915961044,-0.704275567601957,0.08783702464225407,-0.0005647991717037
5,equal_per_property,grid,100,-0.055125787166228304,0.030896657382064596,-0.10816409434254459,0.07763678470351598,0.000284238707127793,6.22614125939e-05
5,equal_per_property,grid,300,-0.015151501382354202,0.0059157156663861565,-0.029729252119526296,0.17901509084012523,-0.01191663713876645,0.0001435625196729
5,equal_per_property,wells,5,0.04320750710542562,-0.01740671322674181,0.08477885060878648,-6.5599133332492405,0.16925353856274528,-0.0052607726116113
5,equal_per_property,wells,10,-0.04292493833294089,0.028442857927854837,-0.08422441325856533,-0.15666135471364062,0.013285826298806591,-0.00012563577021640002
5,equal_per_property,wells,15,-0.005082030850870098,0.016018011474301597,-0.009971617507205294,-0.012223472915867784,-0.010602541498164308,-9.802707485299998e-06
5,equal_per_property,wells,20,-0.019897807430596007,0.024402429842567464,-0.03904213310628761,0.021701329408673975,-0.021463993945545323,1.740354690510002e-05
5,equal_per_property,wells,30,-0.0442681150430306,0.008736585185355028,-0.08685990383125788,0.10426873301293949,-0.013687471378218463,8.361910699370009e-05
5,equal_total,grid,30,-0.41633354132334327,0.09560021228124393,-0.8169015402151386,-0.9069001886719046,0.12232230089879248,-0.0007272955345077999
5,equal_total,grid,100,0.03350361215788911,0.018842375260234467,0.06573852370278802,-0.053990389826426455,0.029583766591849248,-4.329800557719999e-05
5,equal_total,grid,300,0.0224094870667486,0.0013856539564136572,0.0439703811565849,0.04254013473749774,0.016548491996826953,3.411538603519999e-05
5,equal_total,wells,5,-0.013026746715655207,0.009120362367106782,-0.025560202097064777,-6.7433404179812015,0.17183114539552025,-0.005407873363490899
5,equal_total,wells,10,-0.06201680881447699,0.03788446136638879,-0.12168519134620459,-0.2778431785659792,0.037728574639179335,-0.00022281845961509995
5,equal_total,wells,15,0.1013293745808861,-0.011758694379295664,0.198821651268003,0.16911129924555413,-0.010022514109436775,0.0001356200983442
5,equal_total,wells,20,0.09154893633686,-0.06732305803850036,0.17963113627819882,1.0357527614668567,-0.04132901305288694,0.0008306298396212
5,equal_total,wells,30,0.0816395278538581,-0.1300057513410564,0.16018756460089711,0.9244689899541483,-0.05554800170404617,0.0007413849689118001
6,equal_per_property,grid,30,-0.7653124098439104,0.44482239111176153,-0.9853753957857095,-0.030295699412950405,0.04339459227021203,-2.8945047264199988e-05
6,equal_per_property,grid,100,-0.0837787873852153,0.03383010956133914,-0.10786909334841518,0.21182682102679218,-0.009850669925649869,0.0002023830928234
6,equal_per_property,grid,300,-0.07849568949305599,0.036069286024663194,-0.10106685858846551,0.15910913950185557,-0.021725186578058775,0.00015201568711999998
6,equal_per_property,wells,5,0.10606502132449358,0.0697212248386001,0.13656365821633393,-3.9097835790799214,0.1373398946546761,-0.0037354764102513005
6,equal_per_property,wells,10,-0.09336779624360722,0.08417858808718204,-0.1202153891584592,0.17028475180696678,0.0008427222363400766,0.00016269306485510002
6,equal_per_property,wells,15,0.012772462805684281,0.04228679527505941,0.016445141135077612,-0.10960024825203019,-0.03791400694544356,-0.00010471401642120012
6,equal_per_property,wells,20,-0.069424853141628,0.0539221429287664,-0.08938773403105921,-0.04180181227408164,-0.022703678340824318,-3.993819107809995e-05
6,equal_per_property,wells,30,-0.057418894690728896,0.05332238000094336,-0.073929502976431,0.017098620294677125,0.004222950572514317,1.6336324368600055e-05
6,equal_total,grid,30,-0.7653123780653379,0.44482241038485265,-0.9853753548693164,-0.030295699413107724,0.043394592270219357,-2.894504726429995e-05
6,equal_total,grid,100,0.06992680811326009,-0.05740970799845857,0.0900340244511236,0.2118278075650788,-0.009850586570274156,0.00020238403537950006
6,equal_total,grid,300,-0.039284767841924695,0.019914073566009383,-0.05058096950039179,0.03301528359712719,0.01229619882735733,3.154338611340002e-05
6,equal_total,wells,5,0.10647697611500367,0.07081319018801402,0.13709406920865985,-4.0525561146119715,0.10655532779674848,-0.0038718838168825005
6,equal_total,wells,10,0.05034642362745978,0.07201759079181602,0.0648233668632412,-0.19233224550188022,-0.028048963293915485,-0.00018375763043430003
6,equal_total,wells,15,0.017305370505683704,0.04176565377322761,0.022281471059294927,-0.10960024825202441,-0.03791400694544256,-0.00010471401642120012
6,equal_total,wells,20,-0.0363460463379624,0.04401186900568821,-0.046797228602134006,-0.04180161735845078,-0.022703661772363715,-3.993800485229987e-05
6,equal_total,wells,30,0.09922363698195749,-0.05678360341900457,0.127755057026104,0.01710187743914038,0.004222960435631973,1.633943630190008e-05
7,equal_per_property,grid,30,-1.8799596651967905,0.9623266822858718,-1.3801024496368806,-0.47178140381054856,0.06181599645849356,-0.0003941646900046
7,equal_per_property,grid,100,-0.1192129156428783,0.04786657946693318,-0.08751572704080798,0.09005912667001015,0.01110616052219271,7.524274475270004e-05
7,equal_per_property,grid,300,-0.0089759559980815,-0.006709478865910445,-0.006589364171006501,0.09913410711625503,0.0018233476802381743,8.282472408780003e-05
7,equal_per_property,wells,5,-0.12941809755259626,0.06241735428966089,-0.0950074816849788,-4.743057415888984,0.1268576616140905,-0.0039627372781291005
7,equal_per_property,wells,10,-0.09158535166124698,0.052704449880149884,-0.0672339787488532,-0.2404447353865351,0.05258219706090761,-0.00020088715625790003
7,equal_per_property,wells,15,-0.1085151587665148,0.07047443219018512,-0.07966236680972907,-0.2564186221534783,0.04981222086309711,-0.00021423304499959995
7,equal_per_property,wells,20,-0.14761240872389558,0.07395431553178344,-0.1083641583636443,-0.2102983870406101,0.0292074574311757,-0.000175700436403
7,equal_per_property,wells,30,-0.1170996953301049,0.036452582863526595,-0.0859643849645536,0.010755175491596547,0.0004561454273985799,8.985751408100004e-06
7,equal_total,grid,30,-1.8870847896779943,0.9735790318249622,-1.3853330947047084,-0.6352707844991548,0.12480183785456644,-0.0005307570621026001
7,equal_total,grid,100,-0.0970299210484317,0.04371529677030683,-0.0712309068146928,0.09006060339726663,0.011105407037065085,7.524397853110002e-05
7,equal_total,grid,300,-0.0817285611887428,0.03783287983907324,-0.059997982717397605,-0.12729360957325242,0.03534527255158404,-0.00010635147072720003
7,equal_total,wells,5,-0.12320260630164603,0.08299093842587546,-0.0904446100128169,-4.973065125297558,0.11447073386532725,-0.0041549044910488995
7,equal_total,wells,10,-0.0902218795241802,0.053469729857153814,-0.06623303640353931,-0.2404447353864929,0.05258219706090217,-0.00020088715625790003
7,equal_total,wells,15,-0.020705770324980388,0.06542281584860643,-0.015200370984625788,-0.25641862215349276,0.04981222086309056,-0.00021423304499959995
7,equal_total,wells,20,-0.11283097801930789,0.060059880025939094,-0.08283066495635251,-0.21029838704064008,0.029207457431167594,-0.000175700436403
7,equal_total,wells,30,-0.10114970726517229,0.04248967904913137,-0.0742552946007515,0.01075819747784501,0.00045606171376300075,8.988276221999947e-06
8,equal_per_property,grid,30,-0.5032588511654287,0.1749515973312874,-1.0732235902086735,-0.2601536369147349,0.05460035320193435,-0.00027524010841880003
8,equal_per_property,grid,100,-0.019610406841935303,-0.013166702253638585,-0.0418201313054231,-0.1009874250448311,0.040246323446602505,-0.00010684374874760002
8,equal_per_property,grid,300,-0.0238858588482483,0.0038260800169972464,-0.05093773736710319,0.01770480463973001,0.018473003855863812,1.873151729249998e-05
8,equal_per_property,wells,5,-0.05360870385578689,0.014637024396116805,-0.11432312712494908,-2.8875422160279287,0.10498222794131618,-0.0030549925883373
8,equal_per_property,wells,10,-0.007446893362651114,0.023029470634474913,-0.01588085656527971,0.1811864714654564,-0.026228063322926376,0.00019169358784139996
8,equal_per_property,wells,15,-0.010829919288665696,0.00654634886509875,-0.023095321291887988,0.1619443057884603,-0.03715543318476,0.00017133555698719985
8,equal_per_property,wells,20,-0.029826227257171906,0.007986269698323056,-0.06360585735391189,0.13308602941530767,-0.0338884859383316,0.0001408037711858
8,equal_per_property,wells,30,-0.0318974248731043,0.010995989373102977,-0.068022785414402,0.11785223522848487,-0.009021679090698398,0.00012468655978210006
8,equal_total,grid,30,-0.4997244959161336,0.16737483927435248,-1.0656864084563058,-0.4825208076741429,0.09699993459546752,-0.0005105024899655999
8,equal_total,grid,100,0.003675909664777391,-0.01755399907760924,0.00783905331933929,-0.10098720131020816,0.040246342662230594,-0.00010684351203840004
8,equal_total,grid,300,-0.005635057369355198,-0.002820079345376425,-0.012017029580237398,0.017705824949017013,0.018472992384521825,1.8732596770100007e-05
8,equal_total,wells,5,-0.0536087001793869,0.01463702346159923,-0.11432311928485006,-2.8875423613558167,0.10498223547501839,-0.0030549927420928
8,equal_total,wells,10,-0.007569800532030102,0.02301831042246638,-0.016142961987326232,0.18118647146544242,-0.026228063322903283,0.00019169358784139996
8,equal_total,wells,15,-0.003318286572933704,0.0063874044746028424,-0.007076404957206683,0.16194430578845842,-0.037155433184757,0.00017133555698719985
8,equal_total,wells,20,-0.017848443607835898,0.005961508337805621,-0.03806266036668671,0.13309849672199592,-0.03389078733388129,0.0001408169614794001
8,equal_total,wells,30,-0.004924090486312101,-0.017243141733984668,-0.0105008586694387,0.11786620404011394,-0.009023493215376543,0.00012470133865380006
9,equal_per_property,grid,30,-0.4151749118131418,-0.17290696709280107,-0.569774710255637,-0.0845774055761459,0.07016114845304167,-0.00013148819962249998
9,equal_per_property,grid,100,-0.057717699824421,0.028854872136262588,-0.0792101949283544,0.061023731463197006,0.01451492507639085,9.487049797379999e-05
9,equal_per_property,grid,300,-0.031016651284873402,0.010350409111442582,-0.0425664051369577,0.021667990754200117,0.009374547171538294,3.368612544090002e-05
9,equal_per_property,wells,5,-0.09149725272973719,0.2199637323592194,-0.12556833079243512,-5.133958143134885,0.1720478510334812,-0.007981504144985701
9,equal_per_property,wells,10,-0.053720268370417185,0.1417171595891028,-0.07372422917352345,-0.014924839787421651,0.044143917814393197,-2.3202890889500137e-05
9,equal_per_property,wells,15,-0.03392852763900031,0.14368877741497954,-0.04656258471998509,-0.31615525686423285,0.014430988348106744,-0.0004915105310110998
9,equal_per_property,wells,20,-0.09250902800185329,0.06553672374728059,-0.1269568635435986,-0.01778237248817649,-0.0023330094271735158,-2.764535194199982e-05
9,equal_per_property,wells,30,-0.1354550179950199,0.08399749829034842,-0.1858947673252488,0.013482225441109996,-0.009046988102772713,2.0960131586999966e-05
9,equal_total,grid,30,-0.4151644174082939,-0.1729075128333578,-0.5697603080210334,-0.08457740557432969,0.07016114845284827,-0.00013148819961970003
9,equal_total,grid,100,0.006089265598152704,-0.025738298819473204,0.008356741804809692,0.06102550391780631,0.014514592389203163,9.487325351910001e-05
9,equal_total,grid,300,-0.010823856858614103,0.020865388948900776,-0.014854365545673792,-0.05831586558373389,0.033149675207515994,-9.066071633199996e-05
9,equal_total,wells,5,-0.1459723452790898,0.23730866612992185,-0.2003284600543549,-5.47792235295872,0.13340708894043407,-0.0085162478436866
9,equal_total,wells,10,-0.05746491324283354,0.1398896242379135,-0.0788632775275615,-0.014924839787409327,0.04414391781440574,-2.3202890889500137e-05
9,equal_total,wells,15,-0.023590273372881,0.13953230132010874,-0.03237464691010522,-0.3161552568641529,0.014430988348112628,-0.0004915105310109998
9,equal_total,wells,20,-0.0821951007048849,0.06416921417101962,-0.11280231140179478,-0.0177704968156972,-0.0023345806733309216,-2.7626889436599888e-05
9,equal_total,wells,30,-0.13749407693719218,0.12260841084230789,-0.18869311612936238,0.013494969369695409,-0.009049060784454,2.097994392590008e-05
10,equal_per_property,grid,30,-0.5193047343201138,0.1960107689831989,-0.7175463739703251,-0.37821719778793106,0.09684924913785753,-0.0003453175367677
10,equal_per_property,grid,100,-0.0367183295310784,0.009800196606896794,-0.0507353437625925,-0.04797893865456526,0.07635109866580625,-4.3805435104099944e-05
10,equal_per_property,grid,300,-0.0253898334661878,0.003353866702414554,-0.035082258518642995,0.015089656237948001,0.0332392429984385,1.3777065012500023e-05
10,equal_per_property,wells,5,0.0243812338309099,0.044831299402473435,0.0336886316878976,-4.272747005230212,0.10938452492874351,-0.0039010771580639
10,equal_per_property,wells,10,-0.10701879531580041,0.10114862668157332,-0.14787261399814022,-0.3162967670289716,0.03745373921730222,-0.0002887833263977
10,equal_per_property,wells,15,-0.04840813310739579,0.024162288638433838,-0.0668876636130821,-0.4582008726185306,0.02053624255459252,-0.0004183437390018999
10,equal_per_property,wells,20,-0.04430185951376791,0.015616009767234762,-0.06121384334357231,-0.40113597217184827,0.005233951110639734,-0.0003662426950160999
10,equal_per_property,wells,30,-0.1026960180929543,0.022358485266407824,-0.14189964106579128,-0.026582427021686006,0.01762620894290401,-2.4270123818100043e-05
10,equal_total,grid,30,-0.5193047327574013,0.19601076883209845,-0.717546371811056,-0.3782171977951897,0.09684924913847226,-0.00034531753677429996
10,equal_total,grid,100,0.0446100130859587,-0.0027077797786918545,0.061639632795773294,-0.04797346615192011,0.07635031093911993,-4.380043863339998e-05
10,equal_total,grid,300,-0.026037850301655396,0.0049841019050952395,-0.03597765210901781,0.01509187228105191,0.033239444763204284,1.3779088290500024e-05
10,equal_total,wells,5,0.024381232654714813,0.04483129959896237,0.0336886300626969,-4.272747005230296,0.1093845249287434,-0.0039010771580639996
10,equal_total,wells,10,-0.07317080978945109,0.09172785242298487,-0.10110335179907787,-0.31629676702897136,0.03745373921730022,-0.0002887833263977
10,equal_total,wells,15,-0.009658295939555694,0.012279714796506913,-0.0133452956850737,-0.4582008726185407,0.02053624255458908,-0.0004183437390018999
10,equal_total,wells,20,0.1210815393281978,-0.04762752601405418,0.1673037308497505,-0.40113573604848685,0.005233904102285969,-0.0003662424794321999
10,equal_total,wells,30,-0.08867685131469329,0.031475958884525035,-0.1225287368105155,-0.026567867844551007,0.017626266053564543,-2.4256831087799986e-05
