model_label,capacity_regime,geometry,budget,variant,architecture,preprocessing,spatial_ranks,property_rank,property_weights,solver,outer_folds_selected
3D optimized,equal_per_property,full,9900,3D-independent,independent,raw_minmax,"[80, 48]",,"[1.0, 1.0]",projection,10
3D optimized,equal_per_property,grid,30,3D-independent,independent,raw_minmax,"[80, 48]",,"[1.0, 1.0]",ridge(alpha_relative=1e-06),9
3D optimized,equal_per_property,grid,30,3D-independent,independent,raw_minmax,"[80, 48]",,"[1.0, 1.0]",ridge(alpha_relative=1e-08),1
3D optimized,equal_per_property,grid,100,3D-independent,independent,raw_minmax,"[80, 48]",,"[1.0, 1.0]",ridge(alpha_relative=1e-08),7
3D optimized,equal_per_property,grid,100,3D-independent,independent,raw_minmax,"[80, 48]",,"[1.0, 1.0]",ridge(alpha_relative=1e-06),3
3D optimized,equal_per_property,grid,300,3D-independent,independent,raw_minmax,"[80, 48]",,"[1.0, 1.0]",least_squares(rcond=1e-10),8
3D optimized,equal_per_property,grid,300,3D-independent,independent,raw_minmax,"[80, 48]",,"[1.0, 1.0]",ridge(alpha_relative=1e-08),2
3D optimized,equal_per_property,wells,5,3D-independent,independent,raw_minmax,"[80, 48]",,"[1.0, 1.0]",ridge(alpha_relative=1e-06),6
3D optimized,equal_per_property,wells,5,3D-independent,independent,raw_minmax,"[80, 48]",,"[1.0, 1.0]",ridge(alpha_relative=1e-08),4
3D optimized,equal_per_property,wells,10,3D-independent,independent,raw_minmax,"[80, 48]",,"[1.0, 1.0]",ridge(alpha_relative=1e-06),8
3D optimized,equal_per_property,wells,10,3D-independent,independent,raw_minmax,"[80, 48]",,"[1.0, 1.0]",ridge(alpha_relative=0.0001),1
3D optimized,equal_per_property,wells,10,3D-independent,independent,raw_minmax,"[80, 48]",,"[1.0, 1.0]",ridge(alpha_relative=1e-08),1
3D optimized,equal_per_property,wells,15,3D-independent,independent,raw_minmax,"[80, 48]",,"[1.0, 1.0]",ridge(alpha_relative=1e-06),6
3D optimized,equal_per_property,wells,15,3D-independent,independent,raw_minmax,"[80, 48]",,"[1.0, 1.0]",ridge(alpha_relative=0.0001),2
3D optimized,equal_per_property,wells,15,3D-independent,independent,raw_minmax,"[80, 48]",,"[1.0, 1.0]",ridge(alpha_relative=1e-08),2
3D optimized,equal_per_property,wells,20,3D-independent,independent,raw_minmax,"[80, 48]",,"[1.0, 1.0]",ridge(alpha_relative=1e-06),10
3D optimized,equal_per_property,wells,30,3D-independent,independent,raw_minmax,"[80, 48]",,"[1.0, 1.0]",ridge(alpha_relative=1e-06),9
3D optimized,equal_per_property,wells,30,3D-independent,independent,raw_minmax,"[80, 48]",,"[1.0, 1.0]",ridge(alpha_relative=0.0001),1
3D optimized,equal_total,full,9900,3D-independent,independent,raw_minmax,"[80, 48]",,"[1.0, 1.0]",projection,10
3D optimized,equal_total,grid,30,3D-independent,independent,raw_minmax,"[80, 48]",,"[1.0, 1.0]",ridge(alpha_relative=1e-06),9
3D optimized,equal_total,grid,30,3D-independent,independent,raw_minmax,"[80, 48]",,"[1.0, 1.0]",ridge(alpha_relative=0.0001),1
3D optimized,equal_total,grid,100,3D-independent,independent,raw_minmax,"[80, 48]",,"[1.0, 1.0]",ridge(alpha_relative=1e-06),9
3D optimized,equal_total,grid,100,3D-independent,independent,raw_minmax,"[80, 48]",,"[1.0, 1.0]",ridge(alpha_relative=1e-08),1
3D optimized,equal_total,grid,300,3D-independent,independent,raw_minmax,"[80, 48]",,"[1.0, 1.0]",ridge(alpha_relative=1e-06),8
3D optimized,equal_total,grid,300,3D-independent,independent,raw_minmax,"[80, 48]",,"[1.0, 1.0]",least_squares(rcond=1e-10),2
3D optimized,equal_total,wells,5,3D-independent,independent,raw_minmax,"[80, 48]",,"[1.0, 1.0]",ridge(alpha_relative=1e-08),9
3D optimized,equal_total,wells,5,3D-independent,independent,raw_minmax,"[80, 48]",,"[1.0, 1.0]",ridge(alpha_relative=1e-06),1
3D optimized,equal_total,wells,10,3D-independent,independent,raw_minmax,"[80, 48]",,"[1.0, 1.0]",ridge(alpha_relative=1e-06),8
3D optimized,equal_total,wells,10,3D-independent,independent,raw_minmax,"[80, 48]",,"[1.0, 1.0]",ridge(alpha_relative=0.0001),2
3D optimized,equal_total,wells,15,3D-independent,independent,raw_minmax,"[80, 48]",,"[1.0, 1.0]",ridge(alpha_relative=0.0001),5
3D optimized,equal_total,wells,15,3D-independent,independent,raw_minmax,"[80, 48]",,"[1.0, 1.0]",ridge(alpha_relative=1e-06),5
3D optimized,equal_total,wells,20,3D-independent,independent,raw_minmax,"[80, 48]",,"[1.0, 1.0]",ridge(alpha_relative=1e-06),8
3D optimized,equal_total,wells,20,3D-independent,independent,raw_minmax,"[80, 48]",,"[1.0, 1.0]",ridge(alpha_relative=0.0001),2
3D optimized,equal_total,wells,30,3D-independent,independent,raw_minmax,"[80, 48]",,"[1.0, 1.0]",ridge(alpha_relative=1e-06),7
3D optimized,equal_total,wells,30,3D-independent,independent,raw_minmax,"[80, 48]",,"[1.0, 1.0]",ridge(alpha_relative=0.0001),3
4D optimized,equal_per_property,full,9900,4D-B,shared-independent,ensemble_anomaly,"[80, 48]",,"[1.0, 1.0]",projection,9
4D optimized,equal_per_property,full,9900,4D-B,shared-independent,standardized_anomaly,"[80, 48]",,"[1.0, 1.0]",projection,1
4D optimized,equal_per_property,grid,30,4D-B,shared-independent,ensemble_anomaly,"[80, 48]",,"[1.0, 1.0]",ridge(alpha_relative=1e-06),8
4D optimized,equal_per_property,grid,30,4D-B,shared-independent,ensemble_anomaly,"[80, 48]",,"[1.0, 1.0]",ridge(alpha_relative=1e-08),1
4D optimized,equal_per_property,grid,30,4D-B,shared-independent,standardized_anomaly,"[80, 48]",,"[1.0, 1.0]",ridge(alpha_relative=1e-06),1
4D optimized,equal_per_property,grid,100,4D-B,shared-independent,ensemble_anomaly,"[80, 48]",,"[1.0, 1.0]",ridge(alpha_relative=1e-08),7
4D optimized,equal_per_property,grid,100,4D-B,shared-independent,ensemble_anomaly,"[80, 48]",,"[1.0, 1.0]",ridge(alpha_relative=1e-06),2
4D optimized,equal_per_property,grid,100,4D-B,shared-independent,standardized_anomaly,"[80, 48]",,"[1.0, 1.0]",ridge(alpha_relative=1e-06),1
4D optimized,equal_per_property,grid,300,4D-B,shared-independent,ensemble_anomaly,"[80, 48]",,"[1.0, 1.0]",least_squares(rcond=1e-10),8
4D optimized,equal_per_property,grid,300,4D-B,shared-independent,ensemble_anomaly,"[80, 48]",,"[1.0, 1.0]",ridge(alpha_relative=1e-08),1
4D optimized,equal_per_property,grid,300,4D-B,shared-independent,standardized_anomaly,"[80, 48]",,"[1.0, 1.0]",ridge(alpha_relative=1e-08),1
4D optimized,equal_per_property,wells,5,4D-D,partial-spatial,standardized_anomaly,"[64, 48]",,"[1.0, 1.0]",ridge(alpha_relative=1e-08),3
4D optimized,equal_per_property,wells,5,4D-E,joint-property-residual,standardized_anomaly,"[80, 48]",2.0,"[1.0, 1.0]",ridge(alpha_relative=1e-06),3
4D optimized,equal_per_property,wells,5,4D-B,shared-independent,ensemble_anomaly,"[80, 48]",,"[1.0, 1.0]",ridge(alpha_relative=1e-06),2
4D optimized,equal_per_property,wells,5,4D-D,partial-spatial,standardized_anomaly,"[64, 48]",,"[1.0, 1.0]",ridge(alpha_relative=1e-06),1
4D optimized,equal_per_property,wells,5,4D-E,joint-property-residual,standardized_anomaly,"[80, 48]",2.0,"[1.0, 1.0]",ridge(alpha_relative=1e-08),1
4D optimized,equal_per_property,wells,10,4D-B,shared-independent,ensemble_anomaly,"[80, 48]",,"[1.0, 1.0]",ridge(alpha_relative=1e-06),5
4D optimized,equal_per_property,wells,10,4D-E,joint-property-residual,standardized_anomaly,"[80, 48]",2.0,"[1.0, 1.0]",ridge(alpha_relative=1e-06),3
4D optimized,equal_per_property,wells,10,4D-B,shared-independent,ensemble_anomaly,"[80, 48]",,"[1.0, 1.0]",ridge(alpha_relative=0.0001),1
4D optimized,equal_per_property,wells,10,4D-D,partial-spatial,standardized_anomaly,"[64, 48]",,"[1.0, 1.0]",ridge(alpha_relative=1e-08),1
4D optimized,equal_per_property,wells,15,4D-B,shared-independent,ensemble_anomaly,"[80, 48]",,"[1.0, 1.0]",ridge(alpha_relative=1e-06),6
4D optimized,equal_per_property,wells,15,4D-B,shared-independent,ensemble_anomaly,"[80, 48]",,"[1.0, 1.0]",ridge(alpha_relative=0.0001),2
4D optimized,equal_per_property,wells,15,4D-B,shared-independent,ensemble_anomaly,"[80, 48]",,"[1.0, 1.0]",ridge(alpha_relative=1e-08),1
4D optimized,equal_per_property,wells,15,4D-D,partial-spatial,standardized_anomaly,"[64, 48]",,"[1.0, 1.0]",ridge(alpha_relative=1e-08),1
4D optimized,equal_per_property,wells,20,4D-B,shared-independent,ensemble_anomaly,"[80, 48]",,"[1.0, 1.0]",ridge(alpha_relative=1e-06),9
4D optimized,equal_per_property,wells,20,4D-B,shared-independent,standardized_anomaly,"[80, 48]",,"[1.0, 1.0]",ridge(alpha_relative=1e-06),1
4D optimized,equal_per_property,wells,30,4D-B,shared-independent,ensemble_anomaly,"[80, 48]",,"[1.0, 1.0]",ridge(alpha_relative=1e-06),9
4D optimized,equal_per_property,wells,30,4D-D,partial-spatial,standardized_anomaly,"[64, 48]",,"[1.0, 1.0]",ridge(alpha_relative=0.0001),1
4D optimized,equal_total,full,9900,4D-B,shared-independent,ensemble_anomaly,"[80, 48]",,"[1.0, 1.0]",projection,8
4D optimized,equal_total,full,9900,4D-B,shared-independent,standardized_anomaly,"[80, 48]",,"[1.0, 1.0]",projection,2
4D optimized,equal_total,grid,30,4D-B,shared-independent,ensemble_anomaly,"[80, 48]",,"[1.0, 1.0]",ridge(alpha_relative=1e-06),6
4D optimized,equal_total,grid,30,4D-B,shared-independent,standardized_anomaly,"[80, 48]",,"[1.0, 1.0]",ridge(alpha_relative=1e-06),2
4D optimized,equal_total,grid,30,4D-D,partial-spatial,standardized_anomaly,"[80, 48]",,"[1.0, 1.0]",ridge(alpha_relative=0.0001),1
4D optimized,equal_total,grid,30,4D-D,partial-spatial,standardized_anomaly,"[80, 48]",,"[1.0, 1.0]",ridge(alpha_relative=1e-06),1
4D optimized,equal_total,grid,100,4D-B,shared-independent,ensemble_anomaly,"[80, 48]",,"[1.0, 1.0]",ridge(alpha_relative=1e-06),6
4D optimized,equal_total,grid,100,4D-B,shared-independent,standardized_anomaly,"[80, 48]",,"[1.0, 1.0]",ridge(alpha_relative=1e-06),2
4D optimized,equal_total,grid,100,4D-B,shared-independent,ensemble_anomaly,"[80, 48]",,"[1.0, 1.0]",ridge(alpha_relative=1e-08),1
4D optimized,equal_total,grid,100,4D-D,partial-spatial,standardized_anomaly,"[80, 48]",,"[1.0, 1.0]",ridge(alpha_relative=1e-06),1
4D optimized,equal_total,grid,300,4D-D,partial-spatial,standardized_anomaly,"[80, 48]",,"[1.0, 1.0]",ridge(alpha_relative=1e-06),7
4D optimized,equal_total,grid,300,4D-B,shared-independent,ensemble_anomaly,"[80, 48]",,"[1.0, 1.0]",least_squares(rcond=1e-10),2
4D optimized,equal_total,grid,300,4D-B,shared-independent,standardized_anomaly,"[80, 48]",,"[1.0, 1.0]",ridge(alpha_relative=1e-06),1
4D optimized,equal_total,wells,5,4D-B,shared-independent,ensemble_anomaly,"[80, 48]",,"[1.0, 1.0]",ridge(alpha_relative=1e-08),5
4D optimized,equal_total,wells,5,4D-E,joint-property-residual,standardized_anomaly,"[80, 48]",2.0,"[1.0, 1.0]",ridge(alpha_relative=1e-08),4
4D optimized,equal_total,wells,5,4D-E,joint-property-residual,standardized_anomaly,"[80, 48]",2.0,"[1.0, 1.0]",ridge(alpha_relative=1e-06),1
4D optimized,equal_total,wells,10,4D-B,shared-independent,ensemble_anomaly,"[80, 48]",,"[1.0, 1.0]",ridge(alpha_relative=1e-06),5
4D optimized,equal_total,wells,10,4D-B,shared-independent,ensemble_anomaly,"[80, 48]",,"[1.0, 1.0]",ridge(alpha_relative=0.0001),2
4D optimized,equal_total,wells,10,4D-C,joint,standardized_anomaly,"[80, 48]",2.0,"[1.0, 0.5]",ridge(alpha_relative=1e-06),2
4D optimized,equal_total,wells,10,4D-E,joint-property-residual,standardized_anomaly,"[80, 48]",2.0,"[1.0, 1.0]",ridge(alpha_relative=1e-06),1
4D optimized,equal_total,wells,15,4D-B,shared-independent,ensemble_anomaly,"[80, 48]",,"[1.0, 1.0]",ridge(alpha_relative=1e-06),5
4D optimized,equal_total,wells,15,4D-B,shared-independent,ensemble_anomaly,"[80, 48]",,"[1.0, 1.0]",ridge(alpha_relative=0.0001),3
4D optimized,equal_total,wells,15,4D-A,joint,standardized_anomaly,"[80, 48]",2.0,"[1.0, 1.0]",ridge(alpha_relative=0.0001),1
4D optimized,equal_total,wells,15,4D-C,joint,standardized_anomaly,"[80, 48]",2.0,"[1.0, 0.5]",ridge(alpha_relative=0.0001),1
4D optimized,equal_total,wells,20,4D-B,shared-independent,ensemble_anomaly,"[80, 48]",,"[1.0, 1.0]",ridge(alpha_relative=1e-06),8
4D optimized,equal_total,wells,20,4D-A,joint,standardized_anomaly,"[80, 48]",2.0,"[1.0, 1.0]",ridge(alpha_relative=0.0001),1
4D optimized,equal_total,wells,20,4D-E,joint-property-residual,standardized_anomaly,"[80, 48]",2.0,"[1.0, 1.0]",ridge(alpha_relative=0.0001),1
4D optimized,equal_total,wells,30,4D-B,shared-independent,ensemble_anomaly,"[80, 48]",,"[1.0, 1.0]",ridge(alpha_relative=1e-06),7
4D optimized,equal_total,wells,30,4D-E,joint-property-residual,standardized_anomaly,"[80, 48]",2.0,"[1.0, 1.0]",ridge(alpha_relative=0.0001),2
4D optimized,equal_total,wells,30,4D-B,shared-independent,ensemble_anomaly,"[80, 48]",,"[1.0, 1.0]",ridge(alpha_relative=0.0001),1
